Probability,,,,,,,,
0.54,,,,,,,,
BTC.FUT-timestamp,BTC.FUT-SBH.psh,BTC.FUT-SBH.ash,BTC.FUT-high,BTC.FUT-low,BTC.FUT-low1,Criteria Result,Predict Result,Hit
2020-01-02 12:00:00+00:00,7225,7160,7155,7135,7100,FALSE,TRUE,
2020-01-03 12:00:00+00:00,7395,7435,7410,7365,7375,FALSE,FALSE,
2020-01-06 12:00:00+00:00,7665,7650,7625,7600,7545,FALSE,TRUE,
2020-01-07 12:00:00+00:00,8110,8065,8005,7935,7890,FALSE,TRUE,
2020-01-08 12:00:00+00:00,8595,8475,8430,8350,8290,FALSE,TRUE,
2020-01-09 12:00:00+00:00,8115,8040,7970,7925,7945,FALSE,FALSE,
2020-01-10 12:00:00+00:00,7900,7895,7935,7845,7910,FALSE,FALSE,
2020-01-13 12:00:00+00:00,8300,8200,8150,8100,8130,FALSE,FALSE,
2020-01-14 12:00:00+00:00,8685,8645,8700,8540,8575,FALSE,FALSE,
2020-01-15 12:00:00+00:00,8990,8880,8860,8795,8850,FALSE,FALSE,
2020-01-16 12:00:00+00:00,8925,8785,8835,8755,8720,FALSE,TRUE,
2020-01-17 12:00:00+00:00,8965,9085,8955,8835,8820,FALSE,TRUE,
2020-01-20 12:00:00+00:00,8765,8715,8660,8565,8530,FALSE,TRUE,
2020-01-21 12:00:00+00:00,8720,8720,8710,8670,8695,FALSE,FALSE,
2020-01-22 12:00:00+00:00,8805,8865,8695,8655,8645,FALSE,TRUE,
2020-01-23 12:00:00+00:00,8705,8625,8485,8370,8305,FALSE,TRUE,
2020-01-24 12:00:00+00:00,8420,8430,8470,8380,8430,TRUE,FALSE,
2020-01-27 12:00:00+00:00,8720,8770,8770,8710,8740,FALSE,FALSE,
2020-01-28 12:00:00+00:00,9190,9130,9100,9030,9050,FALSE,FALSE,
2020-01-29 12:00:00+00:00,9480,9465,9325,9270,9275,FALSE,FALSE,
2020-01-30 12:00:00+00:00,9350,9400,9400,9340,9350,FALSE,FALSE,
2020-01-31 12:00:00+00:00,9695,9540,9460,9375,9335,FALSE,TRUE,
2020-02-03 12:00:00+00:00,9790,9530,9480,9445,9410,FALSE,TRUE,
2020-02-04 12:00:00+00:00,9440,9395,9250,9140,9130,FALSE,TRUE,
2020-02-05 12:00:00+00:00,9345,9530,9600,9485,9520,TRUE,FALSE,
2020-02-06 12:00:00+00:00,9810,9855,9970,9835,9775,TRUE,TRUE,X
2020-02-07 12:00:00+00:00,9985,10030,9940,9825,9850,FALSE,FALSE,
2020-02-10 12:00:00+00:00,10360,10105,9925,9850,9895,FALSE,FALSE,
2020-02-11 12:00:00+00:00,9940,9905,9985,9875,9950,FALSE,FALSE,
2020-02-12 12:00:00+00:00,10490,10620,10490,10440,10480,FALSE,FALSE,
2020-02-13 12:00:00+00:00,10610,10655,10325,10200,10305,FALSE,FALSE,
2020-02-14 12:00:00+00:00,10400,10420,10405,10345,10350,FALSE,FALSE,
2020-02-17 12:00:00+00:00,10040,9900,9750,9660,9570,FALSE,TRUE,
2020-02-18 12:00:00+00:00,9865,9875,9775,9705,9640,FALSE,TRUE,
2020-02-19 12:00:00+00:00,10285,10325,10335,10120,10165,TRUE,FALSE,
2020-02-20 12:00:00+00:00,9680,9670,9625,9560,9570,FALSE,FALSE,
2020-02-21 12:00:00+00:00,9795,9775,9830,9770,9740,FALSE,TRUE,
2020-02-24 12:00:00+00:00,10075,9850,9875,9815,9740,FALSE,TRUE,
2020-02-25 12:00:00+00:00,9675,9680,9695,9625,9565,TRUE,TRUE,X
2020-02-26 12:00:00+00:00,9375,9230,9285,8995,9030,FALSE,FALSE,
2020-02-27 12:00:00+00:00,8795,8855,8960,8760,8760,TRUE,FALSE,
2020-02-28 12:00:00+00:00,8965,8870,8640,8480,8540,FALSE,FALSE,
2020-03-02 12:00:00+00:00,8725,8850,8845,8790,8830,FALSE,FALSE,
2020-03-03 12:00:00+00:00,8975,8945,8990,8855,8835,FALSE,TRUE,
2020-03-04 12:00:00+00:00,8910,8910,8795,8755,8775,FALSE,FALSE,
2020-03-05 12:00:00+00:00,9035,9220,9230,9170,9145,TRUE,TRUE,X
2020-03-06 12:00:00+00:00,9200,9250,9205,9165,9120,FALSE,TRUE,
2020-03-09 12:00:00+00:00,8180,8015,7930,7785,7710,FALSE,TRUE,
2020-03-10 12:00:00+00:00,7965,8120,8165,8080,8030,TRUE,TRUE,X
2020-03-11 12:00:00+00:00,7980,7940,7875,7815,7850,FALSE,FALSE,
2020-03-12 12:00:00+00:00,7980,7630,6210,5760,5735,FALSE,TRUE,
2020-03-13 12:00:00+00:00,5375,5655,5695,5400,5480,TRUE,FALSE,
2020-03-16 12:00:00+00:00,5340,5120,4885,4495,4450,FALSE,TRUE,
2020-03-17 12:00:00+00:00,5410,5460,5375,5185,5090,FALSE,TRUE,
2020-03-18 12:00:00+00:00,5450,5300,5125,5060,4995,FALSE,TRUE,
2020-03-19 12:00:00+00:00,5485,5705,5910,5640,5755,TRUE,FALSE,
2020-03-20 12:00:00+00:00,6295,6950,6710,6560,6450,FALSE,TRUE,
2020-03-23 12:00:00+00:00,5995,5950,6405,5875,6170,FALSE,FALSE,
2020-03-24 12:00:00+00:00,6745,6885,6765,6575,6660,FALSE,FALSE,
2020-03-25 12:00:00+00:00,6760,6995,6610,6525,6585,FALSE,FALSE,
2020-03-26 12:00:00+00:00,6805,6695,6655,6610,6520,FALSE,TRUE,
2020-03-27 12:00:00+00:00,6915,6795,6725,6630,6615,FALSE,TRUE,
2020-03-30 12:00:00+00:00,6255,6445,6395,6320,6325,FALSE,FALSE,
2020-03-31 12:00:00+00:00,6540,6515,6475,6340,6425,FALSE,FALSE,
2020-04-01 12:00:00+00:00,6435,6350,6350,6205,6160,FALSE,TRUE,
2020-04-02 12:00:00+00:00,6810,6760,6780,6680,6665,FALSE,TRUE,
2020-04-03 12:00:00+00:00,6875,7100,7065,6895,6875,FALSE,TRUE,
2020-04-06 12:00:00+00:00,7045,7215,7225,7155,7085,TRUE,TRUE,X
2020-04-07 12:00:00+00:00,7515,7495,7510,7345,7385,FALSE,FALSE,
2020-04-08 12:00:00+00:00,7470,7475,7395,7275,7230,FALSE,TRUE,
2020-04-09 12:00:00+00:00,7395,7380,7335,7090,7305,FALSE,FALSE,
2020-04-13 12:00:00+00:00,6905,6850,6795,6670,6630,FALSE,TRUE,
2020-04-14 12:00:00+00:00,6950,6920,6875,6835,6885,FALSE,FALSE,
2020-04-15 12:00:00+00:00,6950,6950,6780,6685,6695,FALSE,FALSE,
2020-04-16 12:00:00+00:00,6680,7205,7110,6960,7005,FALSE,FALSE,
2020-04-17 12:00:00+00:00,7165,7135,7130,7095,7010,FALSE,TRUE,
2020-04-20 12:00:00+00:00,7255,7215,7070,6920,7025,FALSE,FALSE,
2020-04-21 12:00:00+00:00,6930,6910,6845,6800,6795,FALSE,TRUE,
2020-04-22 12:00:00+00:00,6935,7000,6985,6945,6965,FALSE,FALSE,
2020-04-23 12:00:00+00:00,7215,7170,7210,7135,7180,FALSE,FALSE,
2020-04-24 12:00:00+00:00,7645,7700,7610,7535,7560,FALSE,FALSE,
2020-04-27 12:00:00+00:00,7905,7820,7795,7735,7685,FALSE,TRUE,
2020-04-28 12:00:00+00:00,7875,7845,7870,7800,7810,FALSE,FALSE,
2020-04-29 12:00:00+00:00,7970,8295,8360,8230,8360,TRUE,FALSE,
2020-04-30 12:00:00+00:00,9495,9560,8990,8785,8810,FALSE,FALSE,
2020-05-01 12:00:00+00:00,8910,9145,9105,8900,8880,FALSE,TRUE,
2020-05-04 12:00:00+00:00,9030,8795,8830,8730,8810,FALSE,FALSE,
2020-05-05 12:00:00+00:00,9225,9185,8965,8895,8930,FALSE,FALSE,
2020-05-06 12:00:00+00:00,9160,9485,9515,9340,9245,TRUE,TRUE,X
2020-05-07 12:00:00+00:00,9470,9430,9480,9350,9425,FALSE,FALSE,
2020-05-08 12:00:00+00:00,10190,10070,10025,9895,9925,FALSE,FALSE,
2020-05-11 12:00:00+00:00,8875,9080,9275,8910,8845,TRUE,TRUE,X
2020-05-12 12:00:00+00:00,8830,8895,8885,8795,8720,FALSE,TRUE,
2020-05-13 12:00:00+00:00,9035,9130,9195,9055,9130,TRUE,FALSE,
2020-05-14 12:00:00+00:00,9550,10070,9835,9670,9645,FALSE,TRUE,
2020-05-15 12:00:00+00:00,9920,9775,9630,9560,9535,FALSE,TRUE,
2020-05-18 12:00:00+00:00,10035,9960,9720,9615,9680,FALSE,FALSE,
2020-05-19 12:00:00+00:00,9775,9955,9800,9585,9630,FALSE,FALSE,
2020-05-20 12:00:00+00:00,9855,9895,9830,9765,9800,FALSE,FALSE,
2020-05-21 12:00:00+00:00,9610,9560,9420,9340,9265,FALSE,TRUE,
2020-05-22 12:00:00+00:00,9135,9215,9220,9170,9090,TRUE,TRUE,X
2020-05-25 12:00:00+00:00,8830,8900,8805,8750,8750,FALSE,FALSE,
2020-05-26 12:00:00+00:00,9030,9030,8920,8790,8795,FALSE,FALSE,
2020-05-27 12:00:00+00:00,8905,9230,9210,9145,9135,FALSE,TRUE,
2020-05-28 12:00:00+00:00,9310,9295,9450,9270,9400,FALSE,FALSE,
2020-05-29 12:00:00+00:00,9705,9690,9530,9455,9475,FALSE,FALSE,
2020-06-01 12:00:00+00:00,9715,9670,9685,9575,9635,FALSE,FALSE,
2020-06-02 12:00:00+00:00,10370,10290,10270,10235,10245,FALSE,FALSE,
2020-06-03 12:00:00+00:00,9605,9700,9730,9640,9655,TRUE,FALSE,
2020-06-04 12:00:00+00:00,9780,9755,9770,9700,9720,FALSE,FALSE,
2020-06-05 12:00:00+00:00,9935,9950,9795,9700,9725,FALSE,FALSE,
2020-06-08 12:00:00+00:00,9865,9900,9840,9800,9745,FALSE,TRUE,
2020-06-09 12:00:00+00:00,9985,9805,9830,9795,9755,FALSE,TRUE,
2020-06-10 12:00:00+00:00,9915,9880,9850,9795,9820,FALSE,FALSE,
2020-06-11 12:00:00+00:00,10060,9975,9845,9735,9565,FALSE,TRUE,
2020-06-12 12:00:00+00:00,9430,9550,9535,9470,9490,FALSE,FALSE,
2020-06-15 12:00:00+00:00,9395,9180,9145,9105,9060,FALSE,TRUE,
2020-06-16 12:00:00+00:00,9630,9590,9610,9505,9525,FALSE,FALSE,
2020-06-17 12:00:00+00:00,9570,9555,9530,9500,9460,FALSE,TRUE,
2020-06-18 12:00:00+00:00,9485,9515,9475,9435,9410,FALSE,TRUE,
2020-06-19 12:00:00+00:00,9400,9465,9445,9395,9385,FALSE,TRUE,
2020-06-22 12:00:00+00:00,9480,9510,9545,9490,9485,TRUE,TRUE,X
2020-06-23 12:00:00+00:00,9755,9685,9675,9640,9635,FALSE,TRUE,
2020-06-24 12:00:00+00:00,9685,9680,9395,9265,9335,FALSE,FALSE,
2020-06-25 12:00:00+00:00,9285,9315,9260,9155,9160,FALSE,FALSE,
2020-06-26 12:00:00+00:00,9355,9315,9265,9230,9180,FALSE,TRUE,
2020-06-29 12:00:00+00:00,9190,9175,9160,9120,9050,FALSE,TRUE,
2020-06-30 12:00:00+00:00,9255,9225,9200,9155,9100,FALSE,TRUE,
2020-07-01 12:00:00+00:00,9255,9255,9220,9180,9215,FALSE,FALSE,
2020-07-02 12:00:00+00:00,9335,9275,9305,9230,9285,FALSE,FALSE,
2020-07-03 12:00:00+00:00,9160,9160,9155,9135,9135,FALSE,FALSE,
2020-07-06 12:00:00+00:00,9165,9285,9345,9255,9290,TRUE,FALSE,
2020-07-07 12:00:00+00:00,9455,9345,9365,9320,9300,FALSE,TRUE,
2020-07-08 12:00:00+00:00,9390,9380,9420,9345,9360,FALSE,FALSE,
2020-07-09 12:00:00+00:00,9515,9480,9495,9450,9445,FALSE,TRUE,
2020-07-10 12:00:00+00:00,9275,9235,9235,9185,9190,FALSE,FALSE,
2020-07-13 12:00:00+00:00,9360,9365,9410,9330,9345,TRUE,FALSE,
2020-07-14 12:00:00+00:00,9275,9275,9285,9245,9230,FALSE,TRUE,
2020-07-15 12:00:00+00:00,9320,9285,9275,9245,9245,FALSE,FALSE,
2020-07-16 12:00:00+00:00,9245,9230,9105,9075,9075,FALSE,FALSE,
2020-07-17 12:00:00+00:00,9160,9160,9220,9160,9175,FALSE,FALSE,
2020-07-20 12:00:00+00:00,9270,9235,9195,9165,9155,FALSE,TRUE,
2020-07-21 12:00:00+00:00,9235,9420,9450,9400,9420,TRUE,FALSE,
2020-07-22 12:00:00+00:00,9435,9395,9385,9355,9360,FALSE,FALSE,
2020-07-23 12:00:00+00:00,9595,9575,9570,9535,9530,FALSE,TRUE,
2020-07-24 12:00:00+00:00,9650,9595,9570,9540,9545,FALSE,FALSE,
2020-07-27 12:00:00+00:00,10420,10405,10400,10300,10330,FALSE,FALSE,
2020-07-28 12:00:00+00:00,11360,11085,11115,10975,10980,FALSE,FALSE,
2020-07-29 12:00:00+00:00,11045,11195,11185,11110,11085,FALSE,TRUE,
2020-07-30 12:00:00+00:00,11160,11055,11015,10955,10835,FALSE,TRUE,
2020-07-31 12:00:00+00:00,11395,11590,11570,11505,11430,FALSE,TRUE,
2020-08-03 12:00:00+00:00,11435,11465,11445,11390,11430,FALSE,FALSE,
2020-08-04 12:00:00+00:00,11600,11505,11330,11250,11125,FALSE,TRUE,
2020-08-05 12:00:00+00:00,11430,11640,11825,11575,11770,TRUE,FALSE,
2020-08-06 12:00:00+00:00,12000,11945,11985,11880,11935,FALSE,FALSE,
2020-08-07 12:00:00+00:00,12085,11995,11920,11820,11845,FALSE,FALSE,
2020-08-10 12:00:00+00:00,12220,12160,12075,11855,12015,FALSE,FALSE,
2020-08-11 12:00:00+00:00,12090,12000,11865,11720,11630,FALSE,TRUE,
2020-08-12 12:00:00+00:00,11470,11620,11600,11500,11560,FALSE,FALSE,
2020-08-13 12:00:00+00:00,11760,11700,11665,11470,11500,FALSE,FALSE,
2020-08-14 12:00:00+00:00,11970,11885,11875,11830,11780,FALSE,TRUE,
2020-08-17 12:00:00+00:00,12095,12065,12060,12005,11970,FALSE,TRUE,
2020-08-18 12:00:00+00:00,12505,12410,12340,12245,12095,FALSE,TRUE,
2020-08-19 12:00:00+00:00,12075,11915,11915,11855,11865,FALSE,FALSE,
2020-08-20 12:00:00+00:00,11865,11875,11895,11820,11785,TRUE,TRUE,X
2020-08-21 12:00:00+00:00,11925,11885,11815,11645,11700,FALSE,FALSE,
2020-08-24 12:00:00+00:00,11710,11865,11855,11810,11775,FALSE,TRUE,
2020-08-25 12:00:00+00:00,11785,11680,11620,11450,11405,FALSE,TRUE,
2020-08-26 12:00:00+00:00,11405,11460,11420,11270,11260,FALSE,TRUE,
2020-08-27 12:00:00+00:00,11485,11455,11390,11275,11355,FALSE,FALSE,
2020-08-28 12:00:00+00:00,11525,11620,11625,11565,11555,TRUE,TRUE,X
2020-08-31 12:00:00+00:00,11895,11855,11900,11805,11835,FALSE,FALSE,
2020-09-01 12:00:00+00:00,11925,12105,12065,11985,11985,FALSE,FALSE,
2020-09-02 12:00:00+00:00,12070,11975,11515,11400,11340,FALSE,TRUE,
2020-09-03 12:00:00+00:00,11510,11530,11290,10660,10785,FALSE,FALSE,
2020-09-04 12:00:00+00:00,10375,10565,10510,10405,10400,FALSE,TRUE,
2020-09-07 12:00:00+00:00,10340,10220,10080,9890,9900,FALSE,FALSE,
2020-09-08 12:00:00+00:00,10475,10370,10065,9925,9925,FALSE,FALSE,
2020-09-09 12:00:00+00:00,10195,10330,10305,10220,10240,FALSE,FALSE,
2020-09-10 12:00:00+00:00,10465,10425,10415,10315,10390,FALSE,FALSE,
2020-09-11 12:00:00+00:00,10420,10375,10320,10275,10265,FALSE,TRUE,
2020-09-14 12:00:00+00:00,10395,10515,10555,10485,10545,TRUE,FALSE,
2020-09-15 12:00:00+00:00,10870,10910,10975,10865,10860,TRUE,TRUE,X
2020-09-16 12:00:00+00:00,10860,10980,10985,10900,10925,TRUE,FALSE,
2020-09-17 12:00:00+00:00,11075,10950,10905,10820,10755,FALSE,TRUE,
2020-09-18 12:00:00+00:00,10990,11075,11030,10980,10920,FALSE,TRUE,
2020-09-21 12:00:00+00:00,11005,10990,10620,10490,10545,FALSE,FALSE,
2020-09-22 12:00:00+00:00,10485,10505,10500,10420,10450,FALSE,FALSE,
2020-09-23 12:00:00+00:00,10535,10495,10530,10455,10500,FALSE,FALSE,
2020-09-24 12:00:00+00:00,10330,10455,10420,10360,10310,FALSE,TRUE,
2020-09-25 12:00:00+00:00,10835,10770,10735,10645,10645,FALSE,FALSE,
2020-09-28 12:00:00+00:00,11065,11020,11080,10960,10980,FALSE,FALSE,
2020-09-29 12:00:00+00:00,10815,10890,10855,10825,10800,FALSE,TRUE,
2020-09-30 12:00:00+00:00,10920,10820,10830,10745,10795,FALSE,FALSE,
2020-10-01 12:00:00+00:00,10945,11060,11015,10970,10940,FALSE,TRUE,
2020-10-02 12:00:00+00:00,10705,10570,10545,10485,10455,FALSE,TRUE,
2020-10-05 12:00:00+00:00,10805,10800,10780,10730,10775,FALSE,FALSE,
2020-10-06 12:00:00+00:00,10890,10855,10790,10755,10735,FALSE,TRUE,
2020-10-07 12:00:00+00:00,10665,10685,10710,10680,10685,TRUE,FALSE,
2020-10-08 12:00:00+00:00,10730,10705,10710,10660,10680,FALSE,FALSE,
2020-10-09 12:00:00+00:00,11020,11195,11195,11140,11145,FALSE,FALSE,
2020-10-12 12:00:00+00:00,11510,11500,11375,11340,11350,FALSE,FALSE,
2020-10-13 12:00:00+00:00,11640,11640,11585,11490,11365,FALSE,TRUE,
2020-10-14 12:00:00+00:00,11555,11525,11470,11415,11460,FALSE,FALSE,
2020-10-15 12:00:00+00:00,11500,11495,11470,11340,11420,FALSE,FALSE,
2020-10-16 12:00:00+00:00,11610,11455,11450,11395,11370,FALSE,TRUE,
2020-10-19 12:00:00+00:00,11610,11580,11605,11530,11580,FALSE,FALSE,
2020-10-20 12:00:00+00:00,11825,11985,11965,11820,11890,FALSE,FALSE,
2020-10-21 12:00:00+00:00,12400,12475,12525,12365,12445,TRUE,FALSE,
2020-10-22 12:00:00+00:00,13000,13090,13035,12870,12900,FALSE,FALSE,
2020-10-23 12:00:00+00:00,13060,13085,13030,12995,12980,FALSE,TRUE,
2020-10-26 12:00:00+00:00,13185,13225,13210,13140,13165,FALSE,FALSE,
2020-10-27 12:00:00+00:00,13180,13550,13515,13410,13360,FALSE,TRUE,
2020-10-28 12:00:00+00:00,13870,13805,13385,13175,13115,FALSE,TRUE,
2020-10-29 12:00:00+00:00,13415,13340,13150,12995,13115,FALSE,FALSE,
2020-10-30 12:00:00+00:00,13895,13585,13590,13505,13430,FALSE,TRUE,
2020-11-02 12:00:00+00:00,14065,13970,13600,13370,13440,FALSE,FALSE,
2020-11-03 12:00:00+00:00,13765,13730,13700,13620,13620,FALSE,FALSE,
2020-11-04 12:00:00+00:00,14185,13980,14000,13850,13940,FALSE,FALSE,
2020-11-05 12:00:00+00:00,14545,14910,15120,14790,14970,TRUE,FALSE,
2020-11-06 12:00:00+00:00,16155,15935,15715,15505,15565,FALSE,FALSE,
2020-11-09 12:00:00+00:00,15780,16005,15940,15510,15225,FALSE,TRUE,
2020-11-10 12:00:00+00:00,15550,15595,15515,15330,15285,FALSE,TRUE,
2020-11-11 12:00:00+00:00,15600,15795,15775,15645,15635,FALSE,TRUE,
2020-11-12 12:00:00+00:00,15885,16275,16040,15835,15925,FALSE,FALSE,
2020-11-13 12:00:00+00:00,16585,16440,16395,16290,16295,FALSE,FALSE,
2020-11-16 12:00:00+00:00,16215,16460,16375,16285,16360,FALSE,FALSE,
2020-11-17 12:00:00+00:00,16895,17075,17160,17000,16995,TRUE,TRUE,X
2020-11-18 12:00:00+00:00,18540,18325,18275,18015,17820,FALSE,TRUE,
2020-11-19 12:00:00+00:00,18120,17935,17860,17745,17770,FALSE,FALSE,
2020-11-20 12:00:00+00:00,18300,18500,18365,18230,18220,FALSE,TRUE,
2020-11-23 12:00:00+00:00,18575,18850,18720,18560,18405,FALSE,TRUE,
2020-11-24 12:00:00+00:00,18575,19235,19335,19075,19175,TRUE,FALSE,
2020-11-25 12:00:00+00:00,19290,19430,19385,19240,19140,FALSE,TRUE,
2020-11-26 12:00:00+00:00,18935,18200,17415,17025,17255,FALSE,FALSE,
2020-11-27 12:00:00+00:00,17810,17625,17295,16995,17125,FALSE,FALSE,
2020-11-30 12:00:00+00:00,18865,18865,19060,18795,19020,FALSE,FALSE,
2020-12-01 12:00:00+00:00,20055,20360,19850,18680,18300,FALSE,TRUE,
2020-12-02 12:00:00+00:00,19220,19585,19360,19055,19185,FALSE,FALSE,
2020-12-03 12:00:00+00:00,19530,19735,19700,19500,19495,FALSE,TRUE,
2020-12-04 12:00:00+00:00,19730,19675,19190,18830,19065,FALSE,FALSE,
2020-12-07 12:00:00+00:00,19595,19545,19390,19235,19340,FALSE,FALSE,
2020-12-08 12:00:00+00:00,19475,19465,18965,18695,18835,FALSE,FALSE,
2020-12-09 12:00:00+00:00,18450,18455,18470,18305,18245,TRUE,TRUE,X
2020-12-10 12:00:00+00:00,18640,18560,18325,18245,18065,FALSE,TRUE,
2020-12-11 12:00:00+00:00,18350,18045,17935,17645,17865,FALSE,FALSE,
2020-12-14 12:00:00+00:00,19430,19330,19205,19100,19120,FALSE,FALSE,
2020-12-15 12:00:00+00:00,19675,19445,19475,19345,19330,FALSE,TRUE,
2020-12-16 12:00:00+00:00,19545,19950,19980,19780,19860,TRUE,FALSE,
2020-12-17 12:00:00+00:00,22435,23915,23340,22740,22800,FALSE,FALSE,
2020-12-18 12:00:00+00:00,23390,23415,23190,22885,22675,FALSE,TRUE,
2020-12-21 12:00:00+00:00,24210,24160,22655,21950,22275,FALSE,FALSE,
2020-12-22 12:00:00+00:00,23125,23205,23325,23125,23140,TRUE,FALSE,
2020-12-23 12:00:00+00:00,24070,24125,23885,22945,23480,FALSE,FALSE,
2020-12-24 12:00:00+00:00,23480,23785,23525,23195,23375,FALSE,FALSE,
2020-12-28 12:00:00+00:00,27810,27540,27565,27120,27530,FALSE,FALSE,
2020-12-29 12:00:00+00:00,27385,27150,27355,27135,27000,FALSE,TRUE,
2020-12-30 12:00:00+00:00,28570,28885,28280,27930,28110,FALSE,FALSE,
2020-12-31 12:00:00+00:00,29700,29635,29325,28735,28230,FALSE,TRUE,
2021-01-04 12:00:00+00:00,34170,34025,31830,30920,30990,FALSE,FALSE,
2021-01-05 12:00:00+00:00,33245,32215,32485,31990,31875,FALSE,TRUE,
2021-01-06 12:00:00+00:00,36095,35805,35590,34915,34810,FALSE,TRUE,
2021-01-07 12:00:00+00:00,38275,38435,38615,37990,38360,TRUE,FALSE,
2021-01-08 12:00:00+00:00,40330,42225,42500,41600,41445,TRUE,TRUE,X
2021-01-11 12:00:00+00:00,38775,36785,35510,33720,33165,FALSE,TRUE,
2021-01-12 12:00:00+00:00,36335,37050,35920,35130,33565,FALSE,TRUE,
2021-01-13 12:00:00+00:00,34570,35515,34690,34245,34305,FALSE,FALSE,
2021-01-14 12:00:00+00:00,38320,38920,38570,37860,38335,FALSE,FALSE,
2021-01-15 12:00:00+00:00,39980,39000,38370,37400,37470,FALSE,FALSE,
2021-01-18 12:00:00+00:00,36350,36825,37610,36540,36895,TRUE,FALSE,
2021-01-19 12:00:00+00:00,37550,37825,37745,36805,36980,FALSE,FALSE,
2021-01-20 12:00:00+00:00,36485,36020,34855,34055,34230,FALSE,FALSE,
2021-01-21 12:00:00+00:00,35675,35070,32640,31260,32195,FALSE,FALSE,
2021-01-22 12:00:00+00:00,31905,32075,31995,31345,31370,FALSE,FALSE,
2021-01-25 12:00:00+00:00,33830,33640,34375,33065,34175,FALSE,FALSE,
2021-01-26 12:00:00+00:00,32845,32450,32000,31245,31200,FALSE,TRUE,
2021-01-27 12:00:00+00:00,32565,31890,30845,30315,30230,FALSE,TRUE,
2021-01-28 12:00:00+00:00,31835,31900,31725,31295,31150,FALSE,TRUE,
2021-01-29 12:00:00+00:00,34580,38700,38365,37005,37575,FALSE,FALSE,
2021-02-01 12:00:00+00:00,34250,35005,34800,33865,33915,FALSE,FALSE,
2021-02-02 12:00:00+00:00,34370,35900,35330,34885,35090,FALSE,FALSE,
2021-02-03 12:00:00+00:00,37190,37170,36755,36225,36340,FALSE,FALSE,
2021-02-04 12:00:00+00:00,38705,39200,38110,37420,37630,FALSE,FALSE,
2021-02-05 12:00:00+00:00,37850,38215,38515,37895,38185,TRUE,FALSE,
2021-02-08 12:00:00+00:00,39510,39925,44615,39555,43080,TRUE,FALSE,
2021-02-09 12:00:00+00:00,48165,48885,47575,45750,45605,FALSE,TRUE,
2021-02-10 12:00:00+00:00,47550,48060,47245,45220,45900,FALSE,FALSE,
2021-02-11 12:00:00+00:00,46085,47060,47205,46640,47050,TRUE,FALSE,
2021-02-12 12:00:00+00:00,49500,48450,48465,47765,48130,FALSE,FALSE,
2021-02-15 12:00:00+00:00,49490,48320,48405,47755,48140,FALSE,FALSE,
2021-02-16 12:00:00+00:00,50520,49770,51065,48675,49125,FALSE,FALSE,
2021-02-17 12:00:00+00:00,50690,52280,52100,51245,50990,FALSE,TRUE,
2021-02-18 12:00:00+00:00,53080,52760,51960,51250,51605,FALSE,FALSE,
2021-02-19 12:00:00+00:00,52160,53300,53070,52815,52620,FALSE,TRUE,
2021-02-22 12:00:00+00:00,57670,56730,54735,52800,52180,FALSE,TRUE,
2021-02-23 12:00:00+00:00,54195,51220,49350,45720,48060,FALSE,FALSE,
2021-02-24 12:00:00+00:00,51625,51315,51120,50200,49080,FALSE,TRUE,
2021-02-25 12:00:00+00:00,50850,51000,51500,50120,51140,TRUE,FALSE,
2021-02-26 12:00:00+00:00,48140,47320,47680,46685,46190,FALSE,TRUE,
2021-03-01 12:00:00+00:00,47190,48330,48460,47810,48320,TRUE,FALSE,
2021-03-02 12:00:00+00:00,50550,49600,49445,48940,49065,FALSE,FALSE,
2021-03-03 12:00:00+00:00,49800,52200,52965,51720,51620,TRUE,TRUE,X
2021-03-04 12:00:00+00:00,52190,51000,50000,49330,48865,FALSE,TRUE,
2021-03-05 12:00:00+00:00,48455,47650,47965,47070,47400,FALSE,FALSE,
2021-03-08 12:00:00+00:00,52345,51230,50890,50435,50640,FALSE,FALSE,
2021-03-09 12:00:00+00:00,54800,54860,54685,53970,54095,FALSE,FALSE,
2021-03-10 12:00:00+00:00,56235,55860,55930,55270,55535,FALSE,FALSE,
2021-03-11 12:00:00+00:00,56900,56665,56760,56120,56735,FALSE,FALSE,
2021-03-12 12:00:00+00:00,58620,57840,57245,56580,55380,FALSE,TRUE,
2021-03-15 12:00:00+00:00,61225,59805,56700,55270,56535,FALSE,FALSE,
2021-03-16 12:00:00+00:00,56410,56690,55800,54830,55235,FALSE,FALSE,
2021-03-17 12:00:00+00:00,57370,56515,55530,54285,54870,FALSE,FALSE,
2021-03-18 12:00:00+00:00,59685,59225,58265,57600,57825,FALSE,FALSE,
2021-03-19 12:00:00+00:00,58410,58950,59345,58850,58090,TRUE,TRUE,X
2021-03-22 12:00:00+00:00,57840,58460,57790,56875,56575,FALSE,TRUE,
2021-03-23 12:00:00+00:00,55315,54780,55240,54260,55060,FALSE,FALSE,
2021-03-24 12:00:00+00:00,54775,56745,57095,56630,56420,TRUE,TRUE,X
2021-03-25 12:00:00+00:00,52780,53140,52300,50360,50420,FALSE,FALSE,
2021-03-26 12:00:00+00:00,53200,53970,53480,52835,53060,FALSE,FALSE,
2021-03-29 12:00:00+00:00,56300,58890,59000,58410,58360,TRUE,TRUE,X
2021-03-30 12:00:00+00:00,58355,59965,60065,59680,59425,TRUE,TRUE,X
2021-03-31 12:00:00+00:00,59780,60505,58940,58190,58580,FALSE,FALSE,
2021-04-01 12:00:00+00:00,60135,60345,59515,59140,59475,FALSE,FALSE,
2021-04-02 12:00:00+00:00,61000,60830,60445,59970,59975,FALSE,FALSE,
2021-04-05 12:00:00+00:00,59060,58230,58595,58200,58205,FALSE,FALSE,
2021-04-06 12:00:00+00:00,60350,59700,59820,59180,59005,FALSE,TRUE,
2021-04-07 12:00:00+00:00,58795,59080,56660,55675,56435,FALSE,FALSE,
2021-04-08 12:00:00+00:00,57255,57590,57945,56610,57655,TRUE,FALSE,
2021-04-09 12:00:00+00:00,58885,59405,59250,58810,58795,FALSE,TRUE,
2021-04-12 12:00:00+00:00,61230,61945,61185,60730,60850,FALSE,FALSE,
2021-04-13 12:00:00+00:00,61660,64065,64065,63580,63295,FALSE,TRUE,
2021-04-14 12:00:00+00:00,65315,65520,65240,64210,64130,FALSE,TRUE,
2021-04-15 12:00:00+00:00,63805,63645,63130,62690,63045,FALSE,FALSE,
2021-04-16 12:00:00+00:00,64000,62020,61220,60725,60525,FALSE,TRUE,
2021-04-19 12:00:00+00:00,57465,57750,57385,56660,56135,FALSE,TRUE,
2021-04-20 12:00:00+00:00,55895,56625,56445,55775,55995,FALSE,FALSE,
2021-04-21 12:00:00+00:00,56910,55895,55650,54325,55400,FALSE,FALSE,
2021-04-22 12:00:00+00:00,54725,55400,55645,54820,54485,TRUE,TRUE,X
2021-04-23 12:00:00+00:00,52085,50190,50210,49085,48450,FALSE,TRUE,
2021-04-26 12:00:00+00:00,52735,53755,54000,53500,53305,TRUE,TRUE,X
2021-04-27 12:00:00+00:00,54165,55300,55300,54800,54500,FALSE,TRUE,
2021-04-28 12:00:00+00:00,55790,55090,55340,54805,54650,FALSE,TRUE,
2021-04-29 12:00:00+00:00,55205,54780,54565,54215,53550,FALSE,TRUE,
2021-04-30 12:00:00+00:00,54565,55175,55135,54495,54755,FALSE,FALSE,
2021-05-03 12:00:00+00:00,58570,59305,59150,58650,57575,FALSE,TRUE,
2021-05-04 12:00:00+00:00,57440,56810,56465,55670,55335,FALSE,TRUE,
2021-05-05 12:00:00+00:00,55435,55945,55860,55170,55660,FALSE,FALSE,
2021-05-06 12:00:00+00:00,57855,58600,58280,57685,57195,FALSE,TRUE,
2021-05-07 12:00:00+00:00,57145,56915,57705,56280,57105,FALSE,FALSE,
2021-05-10 12:00:00+00:00,59900,59420,58425,57740,57585,FALSE,TRUE,
2021-05-11 12:00:00+00:00,56475,56175,55370,54685,54855,FALSE,FALSE,
2021-05-12 12:00:00+00:00,58140,57500,56725,56280,55825,FALSE,TRUE,
2021-05-13 12:00:00+00:00,50925,51195,50285,49450,49450,FALSE,FALSE,
2021-05-14 12:00:00+00:00,50230,50890,50585,50205,50010,FALSE,TRUE,
2021-05-17 12:00:00+00:00,46620,45790,45795,44670,44455,FALSE,TRUE,
2021-05-18 12:00:00+00:00,45465,45755,45310,43650,43250,FALSE,TRUE,
2021-05-19 12:00:00+00:00,43530,40795,39160,32340,30205,FALSE,TRUE,
2021-05-20 12:00:00+00:00,40105,40830,41980,40200,41385,TRUE,FALSE,
2021-05-21 12:00:00+00:00,42370,41270,41640,40535,40305,FALSE,TRUE,
2021-05-24 12:00:00+00:00,35945,37955,38695,37445,37460,TRUE,FALSE,
2021-05-25 12:00:00+00:00,39885,39240,37265,36555,37020,FALSE,FALSE,
2021-05-26 12:00:00+00:00,39745,40895,40365,39855,38880,FALSE,TRUE,
2021-05-27 12:00:00+00:00,39325,39805,39990,39350,39435,TRUE,FALSE,
2021-05-28 12:00:00+00:00,38950,37450,36920,35285,36760,FALSE,FALSE,
2021-05-31 12:00:00+00:00,35960,37290,37335,36695,36605,TRUE,TRUE,X
2021-06-01 12:00:00+00:00,37985,37500,36630,36180,35735,FALSE,TRUE,
2021-06-02 12:00:00+00:00,37000,37635,37560,37325,37170,FALSE,TRUE,
2021-06-03 12:00:00+00:00,38970,39560,39155,38650,38410,FALSE,TRUE,
2021-06-04 12:00:00+00:00,39285,37065,37225,35590,36710,FALSE,FALSE,
2021-06-07 12:00:00+00:00,36970,36770,37015,36370,36270,FALSE,TRUE,
2021-06-08 12:00:00+00:00,34070,33365,33205,32815,32335,FALSE,TRUE,
2021-06-09 12:00:00+00:00,33750,35025,35395,34890,34795,TRUE,TRUE,X
2021-06-10 12:00:00+00:00,37690,38460,38015,37410,37515,FALSE,FALSE,
2021-06-11 12:00:00+00:00,37415,37700,37495,37065,37335,FALSE,FALSE,
2021-06-14 12:00:00+00:00,39805,39720,39615,39060,39555,FALSE,FALSE,
2021-06-15 12:00:00+00:00,40900,40515,40475,39830,40175,FALSE,FALSE,
2021-06-16 12:00:00+00:00,40440,40480,39190,38865,38995,FALSE,FALSE,
2021-06-17 12:00:00+00:00,39050,39535,39145,38580,38595,FALSE,FALSE,
2021-06-18 12:00:00+00:00,38175,38040,37920,37300,36985,FALSE,TRUE,
2021-06-21 12:00:00+00:00,35675,34530,32795,32090,31925,FALSE,TRUE,
2021-06-22 12:00:00+00:00,33230,32875,31255,29275,28800,FALSE,TRUE,
2021-06-23 12:00:00+00:00,34430,34505,34175,33815,33855,FALSE,FALSE,
2021-06-24 12:00:00+00:00,33810,33855,34260,33845,33785,TRUE,TRUE,X
2021-06-25 12:00:00+00:00,35635,34670,33705,32975,32725,FALSE,TRUE,
2021-06-28 12:00:00+00:00,34955,35325,34565,33900,34190,FALSE,FALSE,
2021-06-29 12:00:00+00:00,35250,35840,36045,35445,35800,TRUE,FALSE,
2021-06-30 12:00:00+00:00,36105,35300,35025,34585,34445,FALSE,TRUE,
2021-07-01 12:00:00+00:00,35050,34400,33775,33395,33365,FALSE,TRUE,
2021-07-02 12:00:00+00:00,33995,33600,33350,32870,33150,FALSE,FALSE,
2021-07-05 12:00:00+00:00,35220,34565,33605,33325,33510,FALSE,FALSE,
2021-07-06 12:00:00+00:00,34895,35145,34490,33850,33920,FALSE,FALSE,
2021-07-07 12:00:00+00:00,34940,35045,35140,34765,34660,TRUE,TRUE,X
2021-07-08 12:00:00+00:00,33890,33490,32980,32440,32250,FALSE,TRUE,
2021-07-09 12:00:00+00:00,33325,33050,32990,32605,32985,FALSE,FALSE,
2021-07-12 12:00:00+00:00,34830,34625,33650,33410,33305,FALSE,TRUE,
2021-07-13 12:00:00+00:00,33235,33330,33035,32250,32245,FALSE,TRUE,
2021-07-14 12:00:00+00:00,32765,32690,32540,32295,32350,FALSE,FALSE,
2021-07-15 12:00:00+00:00,33180,32600,32110,31535,31345,FALSE,TRUE,
2021-07-16 12:00:00+00:00,31940,31720,31735,30970,31665,FALSE,FALSE,
2021-07-19 12:00:00+00:00,31820,31825,31285,30560,30435,FALSE,TRUE,
2021-07-20 12:00:00+00:00,31015,29815,29695,29535,29365,FALSE,TRUE,
2021-07-21 12:00:00+00:00,30940,31655,31755,31455,31465,TRUE,FALSE,
2021-07-22 12:00:00+00:00,32390,32300,32180,31700,32030,FALSE,FALSE,
2021-07-23 12:00:00+00:00,32930,32620,32445,32220,32370,FALSE,FALSE,
2021-07-26 12:00:00+00:00,39395,39240,38945,38310,37910,FALSE,TRUE,
2021-07-27 12:00:00+00:00,37480,38085,38490,37785,38200,TRUE,FALSE,
2021-07-28 12:00:00+00:00,40365,40940,40915,39675,39465,FALSE,TRUE,
2021-07-29 12:00:00+00:00,40325,40650,39810,39495,39635,FALSE,FALSE,
2021-07-30 12:00:00+00:00,40465,40035,38985,38715,38710,FALSE,TRUE,
2021-08-02 12:00:00+00:00,40105,40540,39780,39020,39200,FALSE,FALSE,
2021-08-03 12:00:00+00:00,39830,38875,38565,37730,38390,FALSE,FALSE,
2021-08-04 12:00:00+00:00,38525,38250,38925,38265,38795,FALSE,FALSE,
2021-08-05 12:00:00+00:00,39965,39415,38115,37300,37620,FALSE,FALSE,
2021-08-06 12:00:00+00:00,41105,41265,41135,40360,40735,FALSE,FALSE,
2021-08-09 12:00:00+00:00,44060,46180,46145,45670,45370,FALSE,TRUE,
2021-08-10 12:00:00+00:00,46800,46240,46025,45275,45360,FALSE,FALSE,
2021-08-11 12:00:00+00:00,46005,46655,46195,45850,45970,FALSE,FALSE,
2021-08-12 12:00:00+00:00,46265,45690,44975,44285,44450,FALSE,FALSE,
2021-08-13 12:00:00+00:00,45400,46570,46690,46230,46480,TRUE,FALSE,
2021-08-16 12:00:00+00:00,48100,47785,47785,47225,46290,FALSE,TRUE,
2021-08-17 12:00:00+00:00,46650,47205,47140,46700,46310,FALSE,TRUE,
2021-08-18 12:00:00+00:00,45440,45575,45150,44680,45040,FALSE,FALSE,
2021-08-19 12:00:00+00:00,45220,44940,44645,44120,44440,FALSE,FALSE,
2021-08-20 12:00:00+00:00,47485,47375,47185,46920,47115,FALSE,FALSE,
2021-08-23 12:00:00+00:00,50530,50585,50520,50265,50145,FALSE,TRUE,
2021-08-24 12:00:00+00:00,49665,49885,49465,49035,48355,FALSE,TRUE,
2021-08-25 12:00:00+00:00,48510,48545,47780,47390,47590,FALSE,FALSE,
2021-08-26 12:00:00+00:00,49345,47180,47375,46230,46860,FALSE,FALSE,
2021-08-27 12:00:00+00:00,47660,47825,47615,47300,47075,FALSE,TRUE,
2021-08-30 12:00:00+00:00,48880,48280,47895,47560,47460,FALSE,TRUE,
2021-08-31 12:00:00+00:00,47295,48195,48295,47810,47770,TRUE,TRUE,X
2021-09-01 12:00:00+00:00,47520,47875,47990,47700,47470,TRUE,TRUE,X
2021-09-02 12:00:00+00:00,50100,50570,50415,50020,50105,FALSE,FALSE,
2021-09-03 12:00:00+00:00,49815,50650,51065,50025,50735,TRUE,FALSE,
2021-09-06 12:00:00+00:00,52170,52455,51710,51160,51355,FALSE,FALSE,
2021-09-07 12:00:00+00:00,53125,52880,51215,50730,50600,FALSE,TRUE,
2021-09-08 12:00:00+00:00,47440,46785,46695,46220,45745,FALSE,TRUE,
2021-09-09 12:00:00+00:00,46405,46600,46825,45635,46710,TRUE,FALSE,
2021-09-10 12:00:00+00:00,47065,46650,46530,45900,45670,FALSE,TRUE,
2021-09-13 12:00:00+00:00,46330,44925,44990,44610,44585,FALSE,TRUE,
2021-09-14 12:00:00+00:00,45370,46275,46670,45820,46395,TRUE,FALSE,
2021-09-15 12:00:00+00:00,47535,47775,47715,47390,47440,FALSE,FALSE,
2021-09-16 12:00:00+00:00,48600,48585,48235,47855,47490,FALSE,TRUE,
2021-09-17 12:00:00+00:00,48225,48210,47525,47250,47075,FALSE,TRUE,
2021-09-20 12:00:00+00:00,47345,45700,43930,42365,43055,FALSE,FALSE,
2021-09-21 12:00:00+00:00,42980,43585,43520,43015,42820,FALSE,TRUE,
2021-09-22 12:00:00+00:00,42375,42730,42205,41855,42070,FALSE,FALSE,
2021-09-23 12:00:00+00:00,44285,44405,43930,43425,43400,FALSE,TRUE,
2021-09-24 12:00:00+00:00,45200,45385,41675,41030,40925,FALSE,TRUE,
2021-09-27 12:00:00+00:00,44580,44575,44020,43470,43515,FALSE,FALSE,
2021-09-28 12:00:00+00:00,42915,42645,42210,41820,41860,FALSE,FALSE,
2021-09-29 12:00:00+00:00,42530,42610,42735,41950,41940,TRUE,TRUE,X
2021-09-30 12:00:00+00:00,43930,43850,43890,43130,43175,FALSE,FALSE,
2021-10-01 12:00:00+00:00,44135,48035,48190,47470,47280,TRUE,TRUE,X
2021-10-04 12:00:00+00:00,48650,48275,48140,47735,47985,FALSE,FALSE,
2021-10-05 12:00:00+00:00,50230,50750,50525,50105,50175,FALSE,FALSE,
2021-10-06 12:00:00+00:00,52290,52215,53320,51750,53150,FALSE,FALSE,
2021-10-07 12:00:00+00:00,55840,55550,54925,54250,54360,FALSE,FALSE,
2021-10-08 12:00:00+00:00,54970,56815,55855,55035,54550,FALSE,TRUE,
2021-10-11 12:00:00+00:00,57325,57630,57110,56700,57035,FALSE,FALSE,
2021-10-12 12:00:00+00:00,58215,58175,57775,57265,57325,FALSE,FALSE,
2021-10-13 12:00:00+00:00,57075,55980,55780,55260,55220,FALSE,TRUE,
2021-10-14 12:00:00+00:00,59025,58650,58370,57845,57765,FALSE,TRUE,
2021-10-15 12:00:00+00:00,60695,60375,60125,59745,59750,FALSE,FALSE,
2021-10-18 12:00:00+00:00,63030,63230,61475,60530,60100,FALSE,TRUE,
2021-10-19 12:00:00+00:00,63330,62895,62950,62355,62415,FALSE,FALSE,
2021-10-20 12:00:00+00:00,64780,64660,65000,64135,64665,FALSE,FALSE,
2021-10-21 12:00:00+00:00,66320,66960,65465,64705,64935,FALSE,FALSE,
2021-10-22 12:00:00+00:00,63550,63945,63880,63365,62500,FALSE,TRUE,
2021-10-25 12:00:00+00:00,62350,63285,63145,62820,62700,FALSE,TRUE,
2021-10-26 12:00:00+00:00,63345,63225,62925,62365,62145,FALSE,TRUE,
2021-10-27 12:00:00+00:00,61450,60975,59075,58275,58905,FALSE,FALSE,
2021-10-28 12:00:00+00:00,59255,61350,61370,60965,61085,TRUE,FALSE,
2021-10-29 12:00:00+00:00,62620,61940,61965,61225,61280,FALSE,FALSE,
2021-11-01 12:00:00+00:00,62225,62850,62555,61890,62080,FALSE,FALSE,
2021-11-02 12:00:00+00:00,62050,63950,63715,63395,63425,FALSE,FALSE,
2021-11-03 12:00:00+00:00,63965,63870,63530,62470,61850,FALSE,TRUE,
2021-11-04 12:00:00+00:00,63395,62920,62225,61510,61870,FALSE,FALSE,
2021-11-05 12:00:00+00:00,62610,62865,61860,61400,61770,FALSE,FALSE,
2021-11-08 12:00:00+00:00,66170,66955,66640,66260,65710,FALSE,TRUE,
2021-11-09 12:00:00+00:00,69000,68755,68170,67695,68015,FALSE,FALSE,
2021-11-10 12:00:00+00:00,67655,67360,67170,66385,66105,FALSE,TRUE,
2021-11-11 12:00:00+00:00,65300,65895,65605,64925,64920,FALSE,TRUE,
2021-11-12 12:00:00+00:00,65720,65145,64395,63490,63415,FALSE,TRUE,
2021-11-15 12:00:00+00:00,66360,66555,66105,65705,65510,FALSE,TRUE,
2021-11-16 12:00:00+00:00,63370,61240,60890,60120,60085,FALSE,TRUE,
2021-11-17 12:00:00+00:00,60430,60890,60845,60500,60205,FALSE,TRUE,
2021-11-18 12:00:00+00:00,61035,60035,59965,59040,58775,FALSE,TRUE,
2021-11-19 12:00:00+00:00,57500,57510,57380,56895,56730,FALSE,TRUE,
2021-11-22 12:00:00+00:00,58865,57900,58165,57110,56640,FALSE,TRUE,
2021-11-23 12:00:00+00:00,57245,57725,56445,56145,56270,FALSE,FALSE,
2021-11-24 12:00:00+00:00,57765,57335,56720,56390,55955,FALSE,TRUE,
2021-11-25 12:00:00+00:00,58745,58910,59160,58380,58880,TRUE,FALSE,
2021-11-26 12:00:00+00:00,59715,58285,54495,53600,54025,FALSE,FALSE,
2021-11-29 12:00:00+00:00,58630,58150,57495,57235,57240,FALSE,FALSE,
2021-11-30 12:00:00+00:00,58340,57995,58640,57900,57995,FALSE,FALSE,
2021-12-01 12:00:00+00:00,58000,58185,57685,57325,57405,FALSE,FALSE,
2021-12-02 12:00:00+00:00,57615,57450,56910,56275,56310,FALSE,FALSE,
2021-12-03 12:00:00+00:00,57215,57595,57390,57000,56935,FALSE,TRUE,
2021-12-06 12:00:00+00:00,49500,49520,48925,48465,48090,FALSE,TRUE,
2021-12-07 12:00:00+00:00,51575,51700,51750,50820,51015,TRUE,FALSE,
2021-12-08 12:00:00+00:00,50925,50840,49385,48645,49080,FALSE,FALSE,
2021-12-09 12:00:00+00:00,50940,50460,49725,49050,49120,FALSE,FALSE,
2021-12-10 12:00:00+00:00,48765,48845,49290,48810,48990,TRUE,FALSE,
2021-12-13 12:00:00+00:00,50285,49320,49055,48595,48295,FALSE,TRUE,
2021-12-14 12:00:00+00:00,47265,47810,47990,47610,47030,TRUE,TRUE,X
2021-12-15 12:00:00+00:00,48825,48805,48310,47580,47410,FALSE,TRUE,
2021-12-16 12:00:00+00:00,49310,49500,49295,48665,48415,FALSE,TRUE,
2021-12-17 12:00:00+00:00,48010,47715,47320,46985,46900,FALSE,TRUE,
2021-12-20 12:00:00+00:00,47130,46595,46060,45630,45565,FALSE,TRUE,
2021-12-21 12:00:00+00:00,48905,49075,49390,48750,48670,TRUE,TRUE,X
2021-12-22 12:00:00+00:00,49635,49600,49220,48550,48500,FALSE,TRUE,
2021-12-23 12:00:00+00:00,48750,48615,48895,48415,48655,FALSE,FALSE,
2021-12-27 12:00:00+00:00,51185,51025,51215,50640,51025,FALSE,FALSE,
2021-12-28 12:00:00+00:00,50675,49455,49380,49125,48990,FALSE,TRUE,
2021-12-29 12:00:00+00:00,48240,48020,47685,46660,46550,FALSE,TRUE,
2021-12-30 12:00:00+00:00,46920,47575,47740,47440,47355,TRUE,TRUE,X
2021-12-31 12:00:00+00:00,47520,48690,48205,47955,48025,FALSE,FALSE,
2022-01-03 12:00:00+00:00,47405,47510,47660,47260,47170,TRUE,TRUE,X
2022-01-04 12:00:00+00:00,46550,46850,46855,46555,46500,TRUE,TRUE,X
2022-01-05 12:00:00+00:00,46540,47100,46305,45855,46070,FALSE,FALSE,
2022-01-06 12:00:00+00:00,43720,43220,43010,42555,42820,FALSE,FALSE,
2022-01-07 12:00:00+00:00,43115,42785,42480,42240,41170,FALSE,TRUE,
2022-01-10 12:00:00+00:00,42160,42085,41555,40835,40635,FALSE,TRUE,
2022-01-11 12:00:00+00:00,42445,42695,41960,41785,41570,FALSE,TRUE,
2022-01-12 12:00:00+00:00,42995,43510,43295,42890,43235,FALSE,FALSE,
2022-01-13 12:00:00+00:00,44040,44035,43800,43565,43645,FALSE,FALSE,
2022-01-14 12:00:00+00:00,42895,42915,42165,41680,41935,FALSE,FALSE,
2022-01-17 12:00:00+00:00,43210,42970,42770,42440,42525,FALSE,FALSE,
2022-01-18 12:00:00+00:00,42430,42360,41910,41595,41330,FALSE,TRUE,
2022-01-19 12:00:00+00:00,42520,42150,42265,41920,42005,FALSE,FALSE,
2022-01-20 12:00:00+00:00,42045,42250,42120,41885,41955,FALSE,FALSE,
2022-01-21 12:00:00+00:00,41000,39200,38865,37625,38065,FALSE,FALSE,
2022-01-24 12:00:00+00:00,36330,35570,33815,33020,32855,FALSE,TRUE,
2022-01-25 12:00:00+00:00,36620,36760,36735,36245,36265,FALSE,FALSE,
2022-01-26 12:00:00+00:00,37970,38235,38060,37765,37540,FALSE,TRUE,
2022-01-27 12:00:00+00:00,37065,36830,36815,36530,36600,FALSE,FALSE,
2022-01-28 12:00:00+00:00,37445,37480,36540,36100,36140,FALSE,FALSE,
2022-01-31 12:00:00+00:00,37940,37375,37405,36855,36805,FALSE,TRUE,
2022-02-01 12:00:00+00:00,38660,39150,38745,38430,38445,FALSE,FALSE,
2022-02-02 12:00:00+00:00,38860,38610,38765,38470,38300,FALSE,TRUE,
2022-02-03 12:00:00+00:00,37010,37080,36765,36250,36385,FALSE,FALSE,
2022-02-04 12:00:00+00:00,37750,38250,38085,37845,37300,FALSE,TRUE,
2022-02-07 12:00:00+00:00,43045,42815,42805,42535,42670,FALSE,FALSE,
2022-02-08 12:00:00+00:00,45085,45605,44015,43250,43330,FALSE,FALSE,
2022-02-09 12:00:00+00:00,44420,44020,44445,43765,43985,FALSE,FALSE,
2022-02-10 12:00:00+00:00,44420,45280,45095,44680,43725,FALSE,TRUE,
2022-02-11 12:00:00+00:00,43760,43660,43770,43355,43570,FALSE,FALSE,
2022-02-14 12:00:00+00:00,42210,42485,42675,41985,42440,TRUE,FALSE,
2022-02-15 12:00:00+00:00,43840,44505,44450,44235,44120,FALSE,TRUE,
2022-02-16 12:00:00+00:00,44595,44425,44235,44050,43580,FALSE,TRUE,
2022-02-17 12:00:00+00:00,44235,44110,43375,43220,42175,FALSE,TRUE,
2022-02-18 12:00:00+00:00,40980,41000,40555,40230,40195,FALSE,TRUE,
2022-02-21 12:00:00+00:00,39460,39335,37720,37400,37255,FALSE,TRUE,
2022-02-22 12:00:00+00:00,37430,37855,37785,37315,37325,FALSE,FALSE,
2022-02-23 12:00:00+00:00,38320,39095,39080,38740,38925,FALSE,FALSE,
2022-02-24 12:00:00+00:00,37390,35860,35425,35040,35145,FALSE,FALSE,
2022-02-25 12:00:00+00:00,39055,38910,39450,38790,39255,FALSE,FALSE,
2022-02-28 12:00:00+00:00,38350,38625,38645,38190,37940,TRUE,TRUE,X
2022-03-01 12:00:00+00:00,43785,43935,44800,43675,44540,TRUE,FALSE,
2022-03-02 12:00:00+00:00,44910,44470,44480,43895,43420,FALSE,TRUE,
2022-03-03 12:00:00+00:00,44190,43740,43935,43520,43640,FALSE,FALSE,
2022-03-04 12:00:00+00:00,42540,41920,41780,41390,41285,FALSE,TRUE,
2022-03-07 12:00:00+00:00,38505,38395,38750,38400,38525,FALSE,FALSE,
2022-03-08 12:00:00+00:00,38950,39235,39250,38655,38630,TRUE,TRUE,X
2022-03-09 12:00:00+00:00,41935,42515,42630,41830,41745,TRUE,TRUE,X
2022-03-10 12:00:00+00:00,42140,39475,39395,38980,38555,FALSE,TRUE,
2022-03-11 12:00:00+00:00,39430,40260,40230,39845,39205,FALSE,TRUE,
2022-03-14 12:00:00+00:00,38885,39340,38980,38695,38570,FALSE,TRUE,
2022-03-15 12:00:00+00:00,39840,38980,38955,38610,38505,FALSE,TRUE,
2022-03-16 12:00:00+00:00,41765,40740,40725,40405,40320,FALSE,TRUE,
2022-03-17 12:00:00+00:00,41520,41180,41275,40790,40885,FALSE,FALSE,
2022-03-18 12:00:00+00:00,40980,40870,40635,40370,40330,FALSE,TRUE,
2022-03-21 12:00:00+00:00,41490,41550,41405,40965,41125,FALSE,FALSE,
2022-03-22 12:00:00+00:00,43490,43125,43205,42895,42780,FALSE,TRUE,
2022-03-23 12:00:00+00:00,42570,42365,42495,41905,41975,FALSE,FALSE,
2022-03-24 12:00:00+00:00,43400,43530,43155,42850,42660,FALSE,TRUE,
2022-03-25 12:00:00+00:00,44675,44970,45235,44765,45060,TRUE,FALSE,
2022-03-28 12:00:00+00:00,47895,47610,47620,47370,47390,FALSE,FALSE,
2022-03-29 12:00:00+00:00,47985,48280,48390,48095,47770,TRUE,TRUE,X
2022-03-30 12:00:00+00:00,47780,47855,47505,47370,47085,FALSE,TRUE,
2022-03-31 12:00:00+00:00,47675,47610,47805,47290,47070,FALSE,TRUE,
2022-04-01 12:00:00+00:00,45715,45380,45500,44830,45360,FALSE,FALSE,
2022-04-04 12:00:00+00:00,46585,46435,46390,46030,46010,FALSE,TRUE,
2022-04-05 12:00:00+00:00,47080,46975,47445,46870,46495,FALSE,TRUE,
2022-04-06 12:00:00+00:00,45550,45620,45080,44735,44125,FALSE,TRUE,
2022-04-07 12:00:00+00:00,43565,43835,43885,43590,43385,TRUE,TRUE,X
2022-04-08 12:00:00+00:00,43745,44035,43455,43130,42745,FALSE,TRUE,
2022-04-11 12:00:00+00:00,42415,42410,41225,40930,40680,FALSE,TRUE,
2022-04-12 12:00:00+00:00,40115,40480,40805,40195,40175,TRUE,TRUE,X
2022-04-13 12:00:00+00:00,40250,40220,39945,39640,39605,FALSE,TRUE,
2022-04-14 12:00:00+00:00,41540,41375,41205,40905,40500,FALSE,TRUE,
2022-04-18 12:00:00+00:00,39870,39135,39500,39015,39270,FALSE,FALSE,
2022-04-19 12:00:00+00:00,41325,41080,41135,40680,40870,FALSE,FALSE,
2022-04-20 12:00:00+00:00,41565,42295,42240,42030,41500,FALSE,TRUE,
2022-04-21 12:00:00+00:00,41825,42755,42855,42430,42685,TRUE,FALSE,
2022-04-22 12:00:00+00:00,40730,40815,40625,40395,40060,FALSE,TRUE,
2022-04-25 12:00:00+00:00,39370,39035,38985,38745,38625,FALSE,TRUE,
2022-04-26 12:00:00+00:00,40765,40765,40635,40210,39795,FALSE,TRUE,
2022-04-27 12:00:00+00:00,38500,39195,39110,38840,38760,FALSE,TRUE,
2022-04-28 12:00:00+00:00,39700,39955,39895,39580,39065,FALSE,TRUE,
2022-04-29 12:00:00+00:00,39960,39655,39110,38595,38755,FALSE,FALSE,
2022-05-02 12:00:00+00:00,39180,39090,38720,38430,38225,FALSE,TRUE,
2022-05-03 12:00:00+00:00,38575,38635,38595,38365,38105,FALSE,TRUE,
2022-05-04 12:00:00+00:00,38015,39085,39230,38905,38755,TRUE,TRUE,X
2022-05-05 12:00:00+00:00,39860,39740,39625,39525,38955,FALSE,TRUE,
2022-05-06 12:00:00+00:00,36595,36480,36310,35655,35180,FALSE,TRUE,
2022-05-09 12:00:00+00:00,34140,33725,33085,32770,32700,FALSE,TRUE,
2022-05-10 12:00:00+00:00,31970,32615,32240,31470,31495,FALSE,FALSE,
2022-05-11 12:00:00+00:00,31845,32140,31700,28900,29090,FALSE,FALSE,
2022-05-12 12:00:00+00:00,30100,28915,28450,27715,27675,FALSE,TRUE,
2022-05-13 12:00:00+00:00,30905,30700,30750,30380,30310,FALSE,TRUE,
2022-05-16 12:00:00+00:00,31180,30220,30195,29520,29385,FALSE,TRUE,
2022-05-17 12:00:00+00:00,30480,30745,30600,30255,30340,FALSE,FALSE,
2022-05-18 12:00:00+00:00,30650,30005,29840,29445,29210,FALSE,TRUE,
2022-05-19 12:00:00+00:00,29270,29500,29640,29335,29305,TRUE,TRUE,X
2022-05-20 12:00:00+00:00,30715,30465,30405,30045,30055,FALSE,FALSE,
2022-05-23 12:00:00+00:00,30455,30680,30620,30325,30130,FALSE,TRUE,
2022-05-24 12:00:00+00:00,29340,29385,29295,29085,28850,FALSE,TRUE,
2022-05-25 12:00:00+00:00,30225,29895,29570,29300,29445,FALSE,FALSE,
2022-05-26 12:00:00+00:00,29865,29730,29040,28655,27995,FALSE,TRUE,
2022-05-27 12:00:00+00:00,29355,29140,29245,28765,29070,FALSE,FALSE,
2022-05-30 12:00:00+00:00,30545,31025,31010,30430,30310,FALSE,TRUE,
2022-05-31 12:00:00+00:00,31885,31840,31835,31560,31260,FALSE,TRUE,
2022-06-01 12:00:00+00:00,32020,31700,31845,31535,31630,FALSE,FALSE,
2022-06-02 12:00:00+00:00,29835,30180,30150,29990,29575,FALSE,TRUE,
2022-06-03 12:00:00+00:00,30725,30540,29865,29400,29380,FALSE,TRUE,
2022-06-06 12:00:00+00:00,31375,31650,31530,31385,31260,FALSE,TRUE,
2022-06-07 12:00:00+00:00,31380,29665,29505,29325,29355,FALSE,FALSE,
2022-06-08 12:00:00+00:00,31325,30640,30405,30080,30005,FALSE,TRUE,
2022-06-09 12:00:00+00:00,30420,30665,30330,30000,29880,FALSE,TRUE,
2022-06-10 12:00:00+00:00,31025,30195,30170,29410,29155,FALSE,TRUE,
2022-06-13 12:00:00+00:00,26820,25540,24280,23595,23270,FALSE,TRUE,
2022-06-14 12:00:00+00:00,23290,23005,22395,21775,21950,FALSE,FALSE,
2022-06-15 12:00:00+00:00,22235,21395,21535,20980,21125,FALSE,FALSE,
2022-06-16 12:00:00+00:00,22945,21960,21450,20865,20875,FALSE,FALSE,
2022-06-17 12:00:00+00:00,20945,21315,21015,20535,20520,FALSE,TRUE,
2022-06-20 12:00:00+00:00,20605,20975,20770,20335,20360,FALSE,FALSE,
2022-06-21 12:00:00+00:00,20985,21435,21140,20845,20970,FALSE,FALSE,
2022-06-22 12:00:00+00:00,20680,20645,20550,20110,20235,FALSE,FALSE,
2022-06-23 12:00:00+00:00,20580,20805,20780,20470,20370,FALSE,TRUE,
2022-06-24 12:00:00+00:00,21340,21275,21465,21055,21130,FALSE,FALSE,
2022-06-27 12:00:00+00:00,21300,21530,21310,21125,20645,FALSE,TRUE,
2022-06-28 12:00:00+00:00,20810,21195,21105,20875,20835,FALSE,TRUE,
2022-06-29 12:00:00+00:00,20345,20160,20145,19930,19825,FALSE,TRUE,
2022-06-30 12:00:00+00:00,20125,19970,19265,19000,18670,FALSE,TRUE,
2022-07-01 12:00:00+00:00,20790,19750,19290,19070,19160,FALSE,FALSE,
2022-07-04 12:00:00+00:00,19270,19795,19845,19605,19480,TRUE,TRUE,X
2022-07-05 12:00:00+00:00,20460,20375,19480,19285,19240,FALSE,TRUE,
2022-07-06 12:00:00+00:00,20360,20260,20155,19925,20005,FALSE,FALSE,
2022-07-07 12:00:00+00:00,20585,20600,20510,20365,20340,FALSE,TRUE,
2022-07-08 12:00:00+00:00,22550,21890,21695,21180,21170,FALSE,TRUE,
2022-07-11 12:00:00+00:00,20795,20575,20575,20360,20215,FALSE,TRUE,
2022-07-12 12:00:00+00:00,20005,19885,19950,19740,19715,FALSE,TRUE,
2022-07-13 12:00:00+00:00,19525,19885,20090,18830,18880,TRUE,FALSE,
2022-07-14 12:00:00+00:00,20400,20120,19845,19585,19600,FALSE,FALSE,
2022-07-15 12:00:00+00:00,20820,21040,21060,20750,20770,TRUE,FALSE,
2022-07-18 12:00:00+00:00,21895,22535,22330,21920,22090,FALSE,FALSE,
2022-07-19 12:00:00+00:00,22985,22240,22200,21985,22055,FALSE,FALSE,
2022-07-20 12:00:00+00:00,23565,23915,23965,23600,23785,TRUE,FALSE,
2022-07-21 12:00:00+00:00,23435,23095,22880,22585,22570,FALSE,TRUE,
2022-07-22 12:00:00+00:00,23365,23670,23745,23610,23475,TRUE,TRUE,X
2022-07-25 12:00:00+00:00,22680,22100,22005,21835,21780,FALSE,TRUE,
2022-07-26 12:00:00+00:00,21350,21170,21190,20955,20805,FALSE,TRUE,
2022-07-27 12:00:00+00:00,21275,21470,21430,21170,21290,FALSE,FALSE,
2022-07-28 12:00:00+00:00,23475,23300,23210,22620,22780,FALSE,FALSE,
2022-07-29 12:00:00+00:00,24245,24620,23895,23600,23560,FALSE,TRUE,
2022-08-01 12:00:00+00:00,23525,23465,23395,23195,23030,FALSE,TRUE,
2022-08-02 12:00:00+00:00,23510,23015,22965,22725,22740,FALSE,FALSE,
2022-08-03 12:00:00+00:00,23105,23565,23705,23325,23275,TRUE,TRUE,X
2022-08-04 12:00:00+00:00,23265,23215,23020,22790,22870,FALSE,FALSE,
2022-08-05 12:00:00+00:00,23305,23515,23555,22985,22925,TRUE,TRUE,X
2022-08-08 12:00:00+00:00,23520,24265,24355,24145,24080,TRUE,TRUE,X
2022-08-09 12:00:00+00:00,23950,23945,23285,23165,23005,FALSE,TRUE,
2022-08-10 12:00:00+00:00,23145,23200,24130,23015,23915,TRUE,FALSE,
2022-08-11 12:00:00+00:00,24735,24820,24980,24605,24580,TRUE,TRUE,X
2022-08-12 12:00:00+00:00,24130,24170,23810,23665,23735,FALSE,FALSE,
2022-08-15 12:00:00+00:00,25270,24875,24195,23905,23935,FALSE,FALSE,
2022-08-16 12:00:00+00:00,24265,24165,24105,23895,23850,FALSE,TRUE,
2022-08-17 12:00:00+00:00,24190,24465,23740,23510,23270,FALSE,TRUE,
2022-08-18 12:00:00+00:00,23470,23565,23590,23450,23405,TRUE,TRUE,X
2022-08-19 12:00:00+00:00,23160,22760,21525,21185,21320,FALSE,FALSE,
2022-08-22 12:00:00+00:00,21435,21390,21275,21075,21010,FALSE,TRUE,
2022-08-23 12:00:00+00:00,21385,21500,21475,21310,21295,FALSE,TRUE,
2022-08-24 12:00:00+00:00,21530,21425,21440,21335,21360,FALSE,FALSE,
2022-08-25 12:00:00+00:00,21545,21750,21705,21525,21465,FALSE,TRUE,
2022-08-26 12:00:00+00:00,21590,21360,21585,21015,21530,FALSE,FALSE,
2022-08-29 12:00:00+00:00,19785,19780,19925,19665,19775,FALSE,FALSE,
2022-08-30 12:00:00+00:00,20630,20485,20330,20185,20160,FALSE,TRUE,
2022-08-31 12:00:00+00:00,20325,20400,20305,20055,20100,FALSE,FALSE,
2022-09-01 12:00:00+00:00,20065,19955,19940,19730,19760,FALSE,FALSE,
2022-09-02 12:00:00+00:00,20175,20045,20290,19900,20160,FALSE,FALSE,
2022-09-05 12:00:00+00:00,19935,19670,19620,19515,19585,FALSE,FALSE,
2022-09-06 12:00:00+00:00,20080,19905,19880,19730,19545,FALSE,TRUE,
2022-09-07 12:00:00+00:00,18695,18720,18650,18540,18645,FALSE,FALSE,
2022-09-08 12:00:00+00:00,19295,19290,19270,18985,18905,FALSE,TRUE,
2022-09-09 12:00:00+00:00,20665,21180,21265,20920,20905,TRUE,TRUE,X
2022-09-12 12:00:00+00:00,22400,22500,22450,22225,22295,FALSE,FALSE,
2022-09-13 12:00:00+00:00,22460,22755,22875,21300,21185,TRUE,TRUE,X
2022-09-14 12:00:00+00:00,20500,20390,20330,20050,20170,FALSE,FALSE,
2022-09-15 12:00:00+00:00,20235,20300,20140,20005,19930,FALSE,TRUE,
2022-09-16 12:00:00+00:00,19810,19865,19825,19620,19400,FALSE,TRUE,
2022-09-19 12:00:00+00:00,19440,18760,18815,18615,18695,FALSE,FALSE,
2022-09-20 12:00:00+00:00,19635,19555,19190,19005,18725,FALSE,TRUE,
2022-09-21 12:00:00+00:00,19090,19180,19255,19095,19210,TRUE,FALSE,
2022-09-22 12:00:00+00:00,18735,19250,19290,19120,18860,TRUE,TRUE,X
2022-09-23 12:00:00+00:00,19485,19410,18905,18790,18560,FALSE,TRUE,
2022-09-26 12:00:00+00:00,18905,19300,19125,18795,19010,FALSE,FALSE,
2022-09-27 12:00:00+00:00,20295,20355,20400,20230,20090,TRUE,TRUE,X
2022-09-28 12:00:00+00:00,19195,19135,19125,18945,19015,FALSE,FALSE,
2022-09-29 12:00:00+00:00,19645,19565,19480,19130,18915,FALSE,TRUE,
2022-09-30 12:00:00+00:00,19655,19615,19465,19130,19170,FALSE,FALSE,
2022-10-03 12:00:00+00:00,19200,19240,19190,19085,19025,FALSE,TRUE,
2022-10-04 12:00:00+00:00,19730,20195,20040,19965,19990,FALSE,FALSE,
2022-10-05 12:00:00+00:00,20430,20335,20090,19990,19820,FALSE,TRUE,
2022-10-06 12:00:00+00:00,20515,20320,20350,20130,20055,FALSE,TRUE,
2022-10-07 12:00:00+00:00,20060,20040,20080,19405,19475,FALSE,FALSE,
2022-10-10 12:00:00+00:00,19465,19395,19390,19270,19245,FALSE,TRUE,
2022-10-11 12:00:00+00:00,19025,19110,19225,19065,18895,TRUE,TRUE,X
2022-10-12 12:00:00+00:00,19070,19145,19115,18900,18965,FALSE,FALSE,
2022-10-13 12:00:00+00:00,19120,19035,18935,17810,18120,FALSE,FALSE,
2022-10-14 12:00:00+00:00,19975,19845,19885,19580,19625,FALSE,FALSE,
2022-10-17 12:00:00+00:00,19260,19550,19595,19405,19525,TRUE,FALSE,
2022-10-18 12:00:00+00:00,19635,19715,19660,19575,19530,FALSE,TRUE,
2022-10-19 12:00:00+00:00,19315,19250,19160,19070,19035,FALSE,TRUE,
2022-10-20 12:00:00+00:00,19195,19245,19265,19100,19095,TRUE,TRUE,X
2022-10-21 12:00:00+00:00,19100,19060,18905,18615,18825,FALSE,FALSE,
2022-10-24 12:00:00+00:00,19615,19460,19455,19310,19275,FALSE,TRUE,
2022-10-25 12:00:00+00:00,19365,19345,19330,19245,19325,FALSE,FALSE,
2022-10-26 12:00:00+00:00,20325,20835,20655,20490,20365,FALSE,TRUE,
2022-10-27 12:00:00+00:00,20910,20860,20785,20575,20440,FALSE,TRUE,
2022-10-28 12:00:00+00:00,20395,20380,20320,19960,20195,FALSE,FALSE,
2022-10-31 12:00:00+00:00,20715,20890,20790,20700,20320,FALSE,TRUE,
2022-11-01 12:00:00+00:00,20610,20725,20595,20505,20350,FALSE,TRUE,
2022-11-02 12:00:00+00:00,20595,20560,20475,20380,20365,FALSE,TRUE,
2022-11-03 12:00:00+00:00,20415,20405,20180,20030,20100,FALSE,FALSE,
2022-11-04 12:00:00+00:00,20525,20745,20815,20250,20740,TRUE,FALSE,
2022-11-07 12:00:00+00:00,21120,20955,20830,20750,20750,FALSE,FALSE,
2022-11-08 12:00:00+00:00,20700,19875,19755,19650,19500,FALSE,TRUE,
2022-11-09 12:00:00+00:00,18500,18320,17885,17295,17160,FALSE,TRUE,
2022-11-10 12:00:00+00:00,16140,16290,15845,15385,15495,FALSE,FALSE,
2022-11-11 12:00:00+00:00,17260,16975,16895,16630,16515,FALSE,TRUE,
2022-11-14 12:00:00+00:00,15880,16365,16340,16180,16060,FALSE,TRUE,
2022-11-15 12:00:00+00:00,16550,16700,16615,16475,16570,FALSE,FALSE,
2022-11-16 12:00:00+00:00,16855,16760,16490,16370,16195,FALSE,TRUE,
2022-11-17 12:00:00+00:00,16480,16360,16350,16255,16140,FALSE,TRUE,
2022-11-18 12:00:00+00:00,16880,16725,16665,16625,16595,FALSE,TRUE,
2022-11-21 12:00:00+00:00,16155,16080,16020,15880,15985,FALSE,FALSE,
2022-11-22 12:00:00+00:00,15875,15695,15755,15585,15720,FALSE,FALSE,
2022-11-23 12:00:00+00:00,16515,16635,16575,16455,15865,FALSE,TRUE,
2022-11-24 12:00:00+00:00,16805,16630,16570,16475,16180,FALSE,TRUE,
2022-11-25 12:00:00+00:00,16305,16255,16275,16180,16150,FALSE,TRUE,
2022-11-28 12:00:00+00:00,16265,15935,15950,15865,15835,FALSE,TRUE,
2022-11-29 12:00:00+00:00,16400,16410,16335,16285,16165,FALSE,TRUE,
2022-11-30 12:00:00+00:00,16905,16790,16720,16595,16595,FALSE,FALSE,
2022-12-01 12:00:00+00:00,17180,17080,17080,17020,16860,FALSE,TRUE,
2022-12-02 12:00:00+00:00,16955,16970,16970,16920,16055,FALSE,TRUE,
2022-12-05 12:00:00+00:00,17435,17370,17265,17185,17160,FALSE,TRUE,
2022-12-06 12:00:00+00:00,17025,16990,16950,16905,16920,FALSE,FALSE,
2022-12-07 12:00:00+00:00,17090,16960,16715,16650,16705,FALSE,FALSE,
2022-12-08 12:00:00+00:00,16800,16820,16800,16760,16740,FALSE,TRUE,
2022-12-09 12:00:00+00:00,17305,17250,17355,17195,17030,FALSE,TRUE,
2022-12-12 12:00:00+00:00,17015,16970,16975,16875,16925,FALSE,FALSE,
2022-12-13 12:00:00+00:00,17245,18000,17520,17410,17405,FALSE,TRUE,
2022-12-14 12:00:00+00:00,17840,17845,17895,17775,17840,TRUE,FALSE,
2022-12-15 12:00:00+00:00,17875,17755,17720,17660,17435,FALSE,TRUE,
2022-12-16 12:00:00+00:00,17425,17525,16980,16935,16870,FALSE,TRUE,
2022-12-19 12:00:00+00:00,16745,16735,16710,16670,16640,FALSE,TRUE,
2022-12-20 12:00:00+00:00,17095,16820,16810,16765,16725,FALSE,TRUE,
2022-12-21 12:00:00+00:00,16885,16845,16835,16790,16765,FALSE,TRUE,
2022-12-22 12:00:00+00:00,16825,16850,16810,16780,16715,FALSE,TRUE,
2022-12-23 12:00:00+00:00,16855,16865,16845,16800,16695,FALSE,TRUE,
2022-12-27 12:00:00+00:00,16950,16870,16810,16775,16770,FALSE,TRUE,
2022-12-28 12:00:00+00:00,16690,16660,16660,16620,16360,FALSE,TRUE,
2022-12-29 12:00:00+00:00,16530,16570,16585,16545,16555,TRUE,FALSE,
2022-12-30 12:00:00+00:00,16465,16430,16355,16310,16275,FALSE,TRUE,
2023-01-03 12:00:00+00:00,16695,16750,16695,16675,16680,FALSE,FALSE,
2023-01-04 12:00:00+00:00,16880,16895,16815,16770,16770,FALSE,FALSE,
2023-01-05 12:00:00+00:00,16855,16830,16815,16780,16730,FALSE,TRUE,
2023-01-06 12:00:00+00:00,16865,16790,16700,16665,16645,FALSE,TRUE,
2023-01-09 12:00:00+00:00,17300,17290,17260,17235,17205,FALSE,TRUE,
2023-01-10 12:00:00+00:00,17255,17285,17285,17235,17245,FALSE,FALSE,
2023-01-11 12:00:00+00:00,17565,17515,17465,17430,17415,FALSE,TRUE,
2023-01-12 12:00:00+00:00,18460,18275,18320,18220,18070,FALSE,TRUE,
2023-01-13 12:00:00+00:00,18980,19115,18990,18880,18900,FALSE,FALSE,
2023-01-16 12:00:00+00:00,21535,21345,20935,20855,20840,FALSE,TRUE,
2023-01-17 12:00:00+00:00,21360,21320,21435,21280,21245,FALSE,TRUE,
2023-01-18 12:00:00+00:00,21485,21405,21395,21290,21300,FALSE,FALSE,
2023-01-19 12:00:00+00:00,20945,20950,20840,20740,20730,FALSE,TRUE,
2023-01-20 12:00:00+00:00,21300,21060,21205,21035,21120,FALSE,FALSE,
2023-01-23 12:00:00+00:00,22890,23015,23055,22890,22760,TRUE,TRUE,X
2023-01-24 12:00:00+00:00,23210,23395,23085,22935,22835,FALSE,TRUE,
2023-01-25 12:00:00+00:00,22780,22800,22970,22845,22610,TRUE,TRUE,X
2023-01-26 12:00:00+00:00,23285,23170,23155,22980,22915,FALSE,TRUE,
2023-01-27 12:00:00+00:00,23305,23270,23205,23060,23085,FALSE,FALSE,
2023-01-30 12:00:00+00:00,23985,23920,23325,23135,23210,FALSE,FALSE,
2023-01-31 12:00:00+00:00,23060,23155,23070,23000,23045,FALSE,FALSE,
2023-02-01 12:00:00+00:00,23330,23270,23255,23210,23175,FALSE,TRUE,
2023-02-02 12:00:00+00:00,24450,24055,24020,23935,23895,FALSE,TRUE,
2023-02-03 12:00:00+00:00,23745,23715,23725,23645,23370,FALSE,TRUE,
2023-02-06 12:00:00+00:00,23210,23065,23045,22935,22905,FALSE,TRUE,
2023-02-07 12:00:00+00:00,23055,23160,23130,23060,23030,FALSE,TRUE,
2023-02-08 12:00:00+00:00,23540,23340,23265,23155,23110,FALSE,TRUE,
2023-02-09 12:00:00+00:00,23085,22830,22865,22640,22760,FALSE,FALSE,
2023-02-10 12:00:00+00:00,21965,21970,21850,21735,21780,FALSE,FALSE,
2023-02-13 12:00:00+00:00,21930,21925,21745,21625,21595,FALSE,TRUE,
2023-02-14 12:00:00+00:00,21855,21925,21925,21835,21575,FALSE,TRUE,
2023-02-15 12:00:00+00:00,22270,22545,22980,22510,22720,TRUE,FALSE,
2023-02-16 12:00:00+00:00,24990,24815,24680,24535,24430,FALSE,TRUE,
2023-02-17 12:00:00+00:00,23975,23930,23980,23835,23830,FALSE,TRUE,
2023-02-20 12:00:00+00:00,24610,25030,24965,24780,24855,FALSE,FALSE,
2023-02-21 12:00:00+00:00,25170,25335,24700,24520,24535,FALSE,FALSE,
2023-02-22 12:00:00+00:00,24495,24240,24255,24110,23980,FALSE,TRUE,
2023-02-23 12:00:00+00:00,24610,24500,24005,23620,23850,FALSE,FALSE,
2023-02-24 12:00:00+00:00,24365,24190,24230,24080,23885,FALSE,TRUE,
2023-02-27 12:00:00+00:00,23780,23580,23580,23490,23515,FALSE,FALSE,
2023-02-28 12:00:00+00:00,23690,23560,23645,23525,23515,FALSE,TRUE,
2023-03-01 12:00:00+00:00,24005,24165,23980,23855,23780,FALSE,TRUE,
2023-03-02 12:00:00+00:00,23925,23600,23555,23435,23355,FALSE,TRUE,
2023-03-03 12:00:00+00:00,23595,22530,22450,22390,22255,FALSE,TRUE,
2023-03-06 12:00:00+00:00,22540,22480,22455,22405,22425,FALSE,FALSE,
2023-03-07 12:00:00+00:00,22600,22490,22445,22370,22380,FALSE,FALSE,
2023-03-08 12:00:00+00:00,22300,22175,22140,22035,21975,FALSE,TRUE,
2023-03-09 12:00:00+00:00,21825,21780,21690,21610,21545,FALSE,TRUE,
2023-03-10 12:00:00+00:00,20310,20010,19970,19715,19860,FALSE,FALSE,
2023-03-13 12:00:00+00:00,22665,22560,22195,21960,22160,FALSE,FALSE,
2023-03-14 12:00:00+00:00,24940,24960,26215,24650,25745,TRUE,FALSE,
2023-03-15 12:00:00+00:00,25250,25145,25440,24635,24960,FALSE,FALSE,
2023-03-16 12:00:00+00:00,24600,25210,25025,24795,24660,FALSE,TRUE,
2023-03-17 12:00:00+00:00,26030,27155,27115,26575,26535,FALSE,TRUE,
2023-03-20 12:00:00+00:00,28245,28715,28495,28315,27895,FALSE,TRUE,
2023-03-21 12:00:00+00:00,28190,28360,28415,28130,28095,TRUE,TRUE,X
2023-03-22 12:00:00+00:00,28450,28375,28475,28280,28365,FALSE,FALSE,
2023-03-23 12:00:00+00:00,27810,27845,27760,27590,27400,FALSE,TRUE,
2023-03-24 12:00:00+00:00,28490,28450,28255,27650,27770,FALSE,FALSE,
2023-03-27 12:00:00+00:00,28125,28065,27995,27765,27675,FALSE,TRUE,
2023-03-28 12:00:00+00:00,27215,27175,27215,26865,26860,FALSE,TRUE,
2023-03-29 12:00:00+00:00,27685,28685,28520,28295,28360,FALSE,FALSE,
2023-03-30 12:00:00+00:00,29220,28805,28715,28590,28430,FALSE,TRUE,
2023-03-31 12:00:00+00:00,28600,28350,28430,28095,28335,FALSE,FALSE,
2023-04-03 12:00:00+00:00,28430,28775,28525,28300,28330,FALSE,FALSE,
2023-04-04 12:00:00+00:00,28140,28650,28560,28400,28255,FALSE,TRUE,
2023-04-05 12:00:00+00:00,28985,28800,28955,28500,28475,FALSE,TRUE,
2023-04-06 12:00:00+00:00,28285,28195,28155,27950,27820,FALSE,TRUE,
2023-04-07 12:00:00+00:00,28215,28095,28110,27900,27925,FALSE,FALSE,
2023-04-10 12:00:00+00:00,28580,28505,28445,28385,28265,FALSE,TRUE,
2023-04-11 12:00:00+00:00,30640,30385,30435,30235,30270,FALSE,FALSE,
2023-04-12 12:00:00+00:00,30555,30245,30710,30130,30135,FALSE,FALSE,
2023-04-13 12:00:00+00:00,30340,30540,30530,30345,30390,FALSE,FALSE,
2023-04-14 12:00:00+00:00,31090,31200,31050,30705,30750,FALSE,FALSE,
2023-04-17 12:00:00+00:00,30435,30130,29680,29510,29325,FALSE,TRUE,
2023-04-18 12:00:00+00:00,29650,30480,30590,30390,30365,TRUE,TRUE,X
2023-04-19 12:00:00+00:00,30495,30325,29330,29215,29220,FALSE,FALSE,
2023-04-20 12:00:00+00:00,29025,29100,28970,28355,28755,FALSE,FALSE,
2023-04-21 12:00:00+00:00,28360,28250,28255,27990,28110,FALSE,FALSE,
2023-04-24 12:00:00+00:00,28010,27705,27590,27450,27395,FALSE,TRUE,
2023-04-25 12:00:00+00:00,27600,27455,27470,27365,27315,FALSE,TRUE,
2023-04-26 12:00:00+00:00,28465,29160,30050,28980,29665,TRUE,FALSE,
2023-04-27 12:00:00+00:00,29500,29150,29070,28700,28855,FALSE,FALSE,
2023-04-28 12:00:00+00:00,29830,29730,29645,29385,29060,FALSE,TRUE,
2023-05-01 12:00:00+00:00,29490,28780,28695,28530,28505,FALSE,TRUE,
2023-05-02 12:00:00+00:00,28210,28220,28310,28085,28015,TRUE,TRUE,X
2023-05-03 12:00:00+00:00,28830,28915,28715,28355,28255,FALSE,TRUE,
2023-05-04 12:00:00+00:00,29375,29525,29380,29130,28775,FALSE,TRUE,
2023-05-05 12:00:00+00:00,29705,29430,29435,28945,29050,FALSE,FALSE,
2023-05-08 12:00:00+00:00,28765,28350,28020,27795,27780,FALSE,TRUE,
2023-05-09 12:00:00+00:00,27790,27770,27870,27700,27620,FALSE,TRUE,
2023-05-10 12:00:00+00:00,27905,27720,28280,27685,28120,FALSE,FALSE,
2023-05-11 12:00:00+00:00,27705,27610,27690,27380,27170,FALSE,TRUE,
2023-05-12 12:00:00+00:00,27085,26455,26515,26335,26400,FALSE,FALSE,
2023-05-15 12:00:00+00:00,27440,27590,27460,27375,27405,FALSE,FALSE,
2023-05-16 12:00:00+00:00,27350,27335,27170,27010,27010,FALSE,FALSE,
2023-05-17 12:00:00+00:00,27285,27060,26770,26625,26605,FALSE,TRUE,
2023-05-18 12:00:00+00:00,27545,27505,27505,27260,27200,FALSE,TRUE,
2023-05-19 12:00:00+00:00,26935,27000,27015,26900,26870,TRUE,TRUE,X
2023-05-22 12:00:00+00:00,26800,26940,26890,26765,26730,FALSE,TRUE,
2023-05-23 12:00:00+00:00,27565,27495,27440,27285,27200,FALSE,TRUE,
2023-05-24 12:00:00+00:00,27235,26825,26710,26640,26260,FALSE,TRUE,
2023-05-25 12:00:00+00:00,26385,26300,26455,26280,26255,FALSE,TRUE,
2023-05-26 12:00:00+00:00,26615,26635,26615,26435,26545,FALSE,FALSE,
2023-05-29 12:00:00+00:00,28665,28270,28110,28025,28040,FALSE,FALSE,
2023-05-30 12:00:00+00:00,28150,28275,28260,28030,27985,FALSE,TRUE,
2023-05-31 12:00:00+00:00,28040,27335,27230,27160,27150,FALSE,TRUE,
2023-06-01 12:00:00+00:00,27440,27040,27035,26855,26920,FALSE,FALSE,
2023-06-02 12:00:00+00:00,27310,27280,27330,26940,26920,FALSE,TRUE,
2023-06-05 12:00:00+00:00,27210,26930,26845,26705,26695,FALSE,TRUE,
2023-06-06 12:00:00+00:00,25850,25840,25740,25315,25385,FALSE,FALSE,
2023-06-07 12:00:00+00:00,27525,27100,27030,26860,26810,FALSE,TRUE,
2023-06-08 12:00:00+00:00,26585,26625,26675,26485,26365,TRUE,TRUE,X
2023-06-09 12:00:00+00:00,26695,26790,26830,26735,26765,TRUE,FALSE,
2023-06-12 12:00:00+00:00,26100,26190,26055,25955,25810,FALSE,TRUE,
2023-06-13 12:00:00+00:00,26225,26350,26555,25965,26055,TRUE,FALSE,
2023-06-14 12:00:00+00:00,26095,26080,26130,26010,25975,FALSE,TRUE,
2023-06-15 12:00:00+00:00,25200,25040,24995,24845,24845,FALSE,FALSE,
2023-06-16 12:00:00+00:00,25635,25650,25605,25485,25465,FALSE,TRUE,
2023-06-19 12:00:00+00:00,26530,26525,26625,26480,26550,FALSE,FALSE,
2023-06-20 12:00:00+00:00,27245,26965,27035,26900,26855,FALSE,TRUE,
2023-06-21 12:00:00+00:00,29200,29380,29400,29090,29100,TRUE,FALSE,
2023-06-22 12:00:00+00:00,30685,30455,30400,30115,30375,FALSE,FALSE,
2023-06-23 12:00:00+00:00,30360,30400,30430,30185,30105,TRUE,TRUE,X
2023-06-26 12:00:00+00:00,30765,30765,30520,30400,30485,FALSE,FALSE,
2023-06-27 12:00:00+00:00,30575,30870,30885,30735,30575,TRUE,TRUE,X
2023-06-28 12:00:00+00:00,30745,30485,30395,30080,30050,FALSE,TRUE,
2023-06-29 12:00:00+00:00,30305,31120,31135,31015,30500,TRUE,TRUE,X
2023-06-30 12:00:00+00:00,31730,31320,31550,31295,29605,FALSE,TRUE,
2023-07-03 12:00:00+00:00,31135,31080,30970,30865,30910,FALSE,FALSE,
2023-07-04 12:00:00+00:00,31725,31420,31440,31375,31345,FALSE,TRUE,
2023-07-05 12:00:00+00:00,31195,31125,30685,30505,30420,FALSE,TRUE,
2023-07-06 12:00:00+00:00,30910,31860,31170,30775,30550,FALSE,TRUE,
2023-07-07 12:00:00+00:00,30470,30405,30550,30240,30290,FALSE,FALSE,
2023-07-10 12:00:00+00:00,30405,30390,30425,30290,30290,FALSE,FALSE,
2023-07-11 12:00:00+00:00,30755,30805,30570,30490,30400,FALSE,TRUE,
2023-07-12 12:00:00+00:00,30885,31040,31190,30780,30605,TRUE,TRUE,X
2023-07-13 12:00:00+00:00,30530,30820,30765,30600,30675,FALSE,FALSE,
2023-07-14 12:00:00+00:00,31910,31640,31435,31290,31205,FALSE,TRUE,
2023-07-17 12:00:00+00:00,30425,30395,30285,30100,30225,FALSE,FALSE,
2023-07-18 12:00:00+00:00,30325,30180,29975,29785,29720,FALSE,TRUE,
2023-07-19 12:00:00+00:00,30275,30180,30080,29915,29870,FALSE,TRUE,
2023-07-20 12:00:00+00:00,30265,30515,30410,30290,30235,FALSE,TRUE,
2023-07-21 12:00:00+00:00,29990,29900,29935,29795,29800,FALSE,FALSE,
2023-07-24 12:00:00+00:00,30135,29895,29250,29120,29060,FALSE,TRUE,
2023-07-25 12:00:00+00:00,29190,29280,29130,29080,29060,FALSE,TRUE,
2023-07-26 12:00:00+00:00,29525,29305,29220,29135,29210,FALSE,FALSE,
2023-07-27 12:00:00+00:00,29505,29840,29515,29445,29390,FALSE,TRUE,
2023-07-28 12:00:00+00:00,29435,29405,29510,29375,29430,FALSE,FALSE,
2023-07-31 12:00:00+00:00,29760,29675,29705,29610,29510,FALSE,TRUE,
2023-08-01 12:00:00+00:00,29505,29115,29000,28825,28930,FALSE,FALSE,
2023-08-02 12:00:00+00:00,30245,29895,29840,29670,29520,FALSE,TRUE,
2023-08-03 12:00:00+00:00,29405,29315,29275,29190,29220,FALSE,FALSE,
2023-08-04 12:00:00+00:00,29380,29390,29390,29220,29335,FALSE,FALSE,
2023-08-07 12:00:00+00:00,29310,29220,29240,29120,29080,FALSE,TRUE,
2023-08-08 12:00:00+00:00,29440,29580,29765,29490,29470,TRUE,TRUE,X
2023-08-09 12:00:00+00:00,30060,30050,30235,29985,29990,FALSE,FALSE,
2023-08-10 12:00:00+00:00,29780,29705,29730,29555,29605,FALSE,FALSE,
2023-08-11 12:00:00+00:00,29575,29540,29545,29465,29475,FALSE,FALSE,
2023-08-14 12:00:00+00:00,29525,29585,29445,29375,29355,FALSE,TRUE,
2023-08-15 12:00:00+00:00,29510,29500,29440,29360,29385,FALSE,FALSE,
2023-08-16 12:00:00+00:00,29295,29270,29230,29055,29085,FALSE,FALSE,
2023-08-17 12:00:00+00:00,28770,28675,28555,28400,28340,FALSE,TRUE,
2023-08-18 12:00:00+00:00,26815,26610,26505,26290,26185,FALSE,TRUE,
2023-08-21 12:00:00+00:00,26175,26090,26080,25955,25955,FALSE,FALSE,
2023-08-22 12:00:00+00:00,26275,26280,26085,26015,25940,FALSE,TRUE,
2023-08-23 12:00:00+00:00,26155,26155,25945,25815,25780,FALSE,TRUE,
2023-08-24 12:00:00+00:00,26530,26640,26540,26470,26255,FALSE,TRUE,
2023-08-25 12:00:00+00:00,26285,26255,26290,26235,26195,FALSE,TRUE,
2023-08-28 12:00:00+00:00,26220,26090,26360,26070,26170,FALSE,FALSE,
2023-08-29 12:00:00+00:00,26320,26160,26140,26025,26105,FALSE,FALSE,
2023-08-30 12:00:00+00:00,27955,27660,27565,27410,27275,FALSE,TRUE,
2023-08-31 12:00:00+00:00,27400,27705,27440,27190,27165,FALSE,TRUE,
2023-09-01 12:00:00+00:00,26135,26135,26225,26070,25915,FALSE,TRUE,
2023-09-04 12:00:00+00:00,26170,26050,25950,25860,25865,FALSE,FALSE,
2023-09-05 12:00:00+00:00,25865,25845,25900,25725,25775,FALSE,FALSE,
2023-09-06 12:00:00+00:00,25930,25830,25785,25715,25695,FALSE,TRUE,
2023-09-07 12:00:00+00:00,25890,25835,25755,25670,25660,FALSE,TRUE,
2023-09-08 12:00:00+00:00,26560,26405,25985,25850,25885,FALSE,FALSE,
2023-09-11 12:00:00+00:00,25995,26000,25775,25660,25635,FALSE,TRUE,
2023-09-12 12:00:00+00:00,26035,26400,26320,26165,26130,FALSE,TRUE,
2023-09-13 12:00:00+00:00,26065,26315,26355,26090,26165,TRUE,FALSE,
2023-09-14 12:00:00+00:00,26620,26570,26660,26435,26565,FALSE,FALSE,
2023-09-15 12:00:00+00:00,26765,26780,26570,26435,26445,FALSE,FALSE,
2023-09-18 12:00:00+00:00,26855,27360,27550,27280,27315,TRUE,FALSE,
2023-09-19 12:00:00+00:00,26915,27605,27395,27165,27030,FALSE,TRUE,
2023-09-20 12:00:00+00:00,27455,27250,27200,27060,27070,FALSE,FALSE,
2023-09-21 12:00:00+00:00,27230,27155,26810,26600,26380,FALSE,TRUE,
2023-09-22 12:00:00+00:00,26745,26815,26710,26615,26590,FALSE,TRUE,
2023-09-25 12:00:00+00:00,26355,26225,26130,25985,26095,FALSE,FALSE,
2023-09-26 12:00:00+00:00,26430,26360,26315,26205,26150,FALSE,TRUE,
2023-09-27 12:00:00+00:00,26430,27040,27070,26920,26560,TRUE,TRUE,X
2023-09-28 12:00:00+00:00,26720,26770,26745,26640,26635,FALSE,TRUE,
2023-09-29 12:00:00+00:00,27375,27460,27195,27075,27045,FALSE,TRUE,
2023-10-02 12:00:00+00:00,28535,28850,28730,28525,28600,FALSE,FALSE,
2023-10-03 12:00:00+00:00,27785,27805,27710,27565,27525,FALSE,TRUE,
2023-10-04 12:00:00+00:00,27620,27765,27770,27680,27510,TRUE,TRUE,X
2023-10-05 12:00:00+00:00,28065,27935,27915,27830,27895,FALSE,FALSE,
2023-10-06 12:00:00+00:00,27715,27970,27925,27300,27290,FALSE,TRUE,
2023-10-09 12:00:00+00:00,28135,28075,27635,27485,27470,FALSE,TRUE,
2023-10-10 12:00:00+00:00,27860,27890,27650,27500,27430,FALSE,TRUE,
2023-10-11 12:00:00+00:00,27590,27430,27340,27140,27150,FALSE,FALSE,
2023-10-12 12:00:00+00:00,27025,27000,26920,26795,26730,FALSE,TRUE,
2023-10-13 12:00:00+00:00,26935,27035,27030,26800,26900,FALSE,FALSE,
2023-10-16 12:00:00+00:00,28195,28235,28030,27825,27860,FALSE,FALSE,
2023-10-17 12:00:00+00:00,28705,28740,28615,28325,28250,FALSE,TRUE,
2023-10-18 12:00:00+00:00,29120,28895,28505,28380,28355,FALSE,TRUE,
2023-10-19 12:00:00+00:00,28510,28630,28690,28520,28540,TRUE,FALSE,
2023-10-20 12:00:00+00:00,29545,30465,30100,29610,29610,FALSE,FALSE,
2023-10-23 12:00:00+00:00,31055,31105,30845,30705,30490,FALSE,TRUE,
2023-10-24 12:00:00+00:00,35265,34935,34905,34505,34210,FALSE,TRUE,
2023-10-25 12:00:00+00:00,34425,34615,34515,34300,34350,FALSE,FALSE,
2023-10-26 12:00:00+00:00,35270,35300,34380,34130,34620,FALSE,FALSE,
2023-10-27 12:00:00+00:00,34535,34625,34595,34295,34440,FALSE,FALSE,
2023-10-30 12:00:00+00:00,34850,34950,35115,34825,34770,TRUE,TRUE,X
2023-10-31 12:00:00+00:00,34955,34840,34820,34580,34415,FALSE,TRUE,
2023-11-01 12:00:00+00:00,35150,34875,35305,34670,34725,FALSE,FALSE,
2023-11-02 12:00:00+00:00,36575,35910,35830,35670,35040,FALSE,TRUE,
2023-11-03 12:00:00+00:00,35265,34965,34700,34400,34570,FALSE,FALSE,
2023-11-06 12:00:00+00:00,35475,35620,35625,35485,35210,TRUE,TRUE,X
2023-11-07 12:00:00+00:00,35325,35230,35020,34755,34880,FALSE,FALSE,
2023-11-08 12:00:00+00:00,35770,35690,35630,35565,35550,FALSE,TRUE,
2023-11-09 12:00:00+00:00,37215,37450,37435,37155,37150,FALSE,TRUE,
2023-11-10 12:00:00+00:00,37175,37370,37445,37110,37220,TRUE,FALSE,
2023-11-13 12:00:00+00:00,37720,37230,37150,36835,36935,FALSE,FALSE,
2023-11-14 12:00:00+00:00,36810,36975,36565,36360,36495,FALSE,FALSE,
2023-11-15 12:00:00+00:00,35760,36435,36530,36295,36170,TRUE,TRUE,X
2023-11-16 12:00:00+00:00,38250,37800,37460,37210,36865,FALSE,TRUE,
2023-11-17 12:00:00+00:00,36755,36590,36635,36375,36380,FALSE,FALSE,
2023-11-20 12:00:00+00:00,37530,37520,37260,37175,37125,FALSE,TRUE,
2023-11-21 12:00:00+00:00,37745,37485,37270,37145,37035,FALSE,TRUE,
2023-11-22 12:00:00+00:00,36500,36800,36635,36490,37120,FALSE,FALSE,
2023-11-23 12:00:00+00:00,38340,38430,38285,38015,37955,FALSE,TRUE,
2023-11-24 12:00:00+00:00,38185,38960,38770,38495,38435,FALSE,TRUE,
2023-11-27 12:00:00+00:00,38050,37925,37535,37345,37145,FALSE,TRUE,
2023-11-28 12:00:00+00:00,37815,37720,37760,37650,37625,FALSE,TRUE,
2023-11-29 12:00:00+00:00,38745,39105,38935,38685,38655,FALSE,TRUE,
2023-11-30 12:00:00+00:00,38650,38400,38350,38250,38075,FALSE,TRUE,
2023-12-01 12:00:00+00:00,38815,39640,39185,38790,38785,FALSE,TRUE,
2023-12-04 12:00:00+00:00,42055,42715,42400,42030,42350,FALSE,FALSE,
2023-12-05 12:00:00+00:00,42385,42325,42375,42170,42260,FALSE,FALSE,
2023-12-06 12:00:00+00:00,44635,44740,44655,44285,44475,FALSE,FALSE,
2023-12-07 12:00:00+00:00,44555,44525,43865,43425,43675,FALSE,FALSE,
2023-12-08 12:00:00+00:00,44015,44170,44250,43975,43885,TRUE,TRUE,X
2023-12-11 12:00:00+00:00,44195,42780,42670,42510,42145,FALSE,TRUE,
2023-12-12 12:00:00+00:00,42125,42295,42120,41820,41965,FALSE,FALSE,
2023-12-13 12:00:00+00:00,41685,41550,41520,41265,41475,FALSE,FALSE,
2023-12-14 12:00:00+00:00,43320,43580,43625,43320,41935,TRUE,TRUE,X
2023-12-15 12:00:00+00:00,43320,43305,43055,42895,42435,FALSE,TRUE,
2023-12-18 12:00:00+00:00,41600,41455,41265,41020,41045,FALSE,FALSE,
2023-12-19 12:00:00+00:00,43670,43505,43250,43105,43030,FALSE,TRUE,
2023-12-20 12:00:00+00:00,42985,43160,43195,42925,43200,TRUE,FALSE,
2023-12-21 12:00:00+00:00,43870,44255,44445,44130,44170,TRUE,FALSE,
2023-12-22 12:00:00+00:00,44445,44640,43905,43625,43670,FALSE,FALSE,
2023-12-26 12:00:00+00:00,43630,42790,42825,42660,42670,FALSE,FALSE,
2023-12-27 12:00:00+00:00,42555,43285,43135,42840,42770,FALSE,TRUE,
2023-12-28 12:00:00+00:00,44620,43900,43830,43465,42645,FALSE,TRUE,
2023-12-29 12:00:00+00:00,43430,43510,43540,43380,43315,TRUE,TRUE,X
2024-01-02 12:00:00+00:00,47040,47095,46505,46160,46150,FALSE,TRUE,
2024-01-03 12:00:00+00:00,46015,46000,44070,41110,42670,FALSE,FALSE,
2024-01-04 12:00:00+00:00,43670,43700,43885,43550,43600,TRUE,FALSE,
2024-01-05 12:00:00+00:00,44775,44725,44525,44070,44130,FALSE,FALSE,
2024-01-08 12:00:00+00:00,44375,45140,45600,44840,45320,TRUE,FALSE,
2024-01-09 12:00:00+00:00,47710,47385,47410,46000,46425,FALSE,FALSE,
2024-01-10 12:00:00+00:00,46490,46300,45840,44595,44505,FALSE,TRUE,
2024-01-11 12:00:00+00:00,47000,47330,47665,47170,47000,TRUE,TRUE,X
2024-01-12 12:00:00+00:00,46685,46495,46250,45795,45670,FALSE,TRUE,
2024-01-15 12:00:00+00:00,42750,42795,42750,42640,42660,FALSE,FALSE,
2024-01-16 12:00:00+00:00,42885,43190,43210,42875,42785,TRUE,TRUE,X
2024-01-17 12:00:00+00:00,43260,42885,42795,42440,42575,FALSE,FALSE,
2024-01-18 12:00:00+00:00,42825,42945,42520,42365,42340,FALSE,TRUE,
2024-01-19 12:00:00+00:00,41295,41565,41460,41245,41265,FALSE,FALSE,
2024-01-22 12:00:00+00:00,41655,41245,40835,40625,40800,FALSE,FALSE,
2024-01-23 12:00:00+00:00,40170,40105,39050,38735,38850,FALSE,FALSE,
2024-01-24 12:00:00+00:00,40220,40540,40295,39995,39905,FALSE,TRUE,
2024-01-25 12:00:00+00:00,40175,40480,40225,39830,40090,FALSE,FALSE,
2024-01-26 12:00:00+00:00,40560,41700,41885,41485,41270,TRUE,TRUE,X
2024-01-29 12:00:00+00:00,42815,42655,42630,42270,42210,FALSE,TRUE,
2024-01-30 12:00:00+00:00,44170,43905,44255,43595,43485,FALSE,TRUE,
2024-01-31 12:00:00+00:00,43435,43385,43015,42835,42800,FALSE,TRUE,
2024-02-01 12:00:00+00:00,42915,42550,42435,42190,42240,FALSE,FALSE,
2024-02-02 12:00:00+00:00,43715,43540,43575,43360,42810,FALSE,TRUE,
2024-02-05 12:00:00+00:00,43015,43450,43545,43355,43450,TRUE,FALSE,
2024-02-06 12:00:00+00:00,43105,43325,43090,42850,42950,FALSE,FALSE,
2024-02-07 12:00:00+00:00,43405,43410,43315,43070,43260,FALSE,FALSE,
2024-02-08 12:00:00+00:00,45130,45265,45150,44880,44980,FALSE,FALSE,
2024-02-09 12:00:00+00:00,46690,47590,47960,47430,47550,TRUE,FALSE,
2024-02-12 12:00:00+00:00,49130,48610,48260,48100,48130,FALSE,FALSE,
2024-02-13 12:00:00+00:00,50730,50545,50280,50075,49460,FALSE,TRUE,
2024-02-14 12:00:00+00:00,50065,52050,52130,51750,51835,TRUE,FALSE,
2024-02-15 12:00:00+00:00,52795,52850,52855,52460,52395,TRUE,TRUE,X
2024-02-16 12:00:00+00:00,52675,52735,52695,52425,52405,FALSE,TRUE,
2024-02-19 12:00:00+00:00,52620,52680,52665,52420,52300,FALSE,TRUE,
2024-02-20 12:00:00+00:00,52140,52565,52610,52280,52320,TRUE,FALSE,
2024-02-21 12:00:00+00:00,52470,51975,51400,50630,50900,FALSE,FALSE,
2024-02-22 12:00:00+00:00,51940,52730,51750,51450,50935,FALSE,TRUE,
2024-02-23 12:00:00+00:00,52170,51905,51820,51570,51520,FALSE,TRUE,
2024-02-26 12:00:00+00:00,52620,52195,51800,51500,51760,FALSE,FALSE,
2024-02-27 12:00:00+00:00,58250,57655,58255,57320,57415,FALSE,FALSE,
2024-02-28 12:00:00+00:00,58045,60235,60070,59580,60000,FALSE,FALSE,
2024-02-29 12:00:00+00:00,63210,64130,63650,62850,62615,FALSE,TRUE,
2024-03-01 12:00:00+00:00,62395,63120,63460,62745,63015,TRUE,FALSE,
2024-03-04 12:00:00+00:00,65170,66250,65890,65550,65740,FALSE,FALSE,
2024-03-05 12:00:00+00:00,69595,68115,67975,67180,67970,FALSE,FALSE,
2024-03-06 12:00:00+00:00,66915,68150,68080,65305,65960,FALSE,FALSE,
2024-03-07 12:00:00+00:00,67035,68005,67825,67310,67320,FALSE,FALSE,
2024-03-08 12:00:00+00:00,67895,68610,68645,68140,68025,TRUE,TRUE,X
2024-03-11 12:00:00+00:00,69550,73200,72970,72205,71845,FALSE,TRUE,
2024-03-12 12:00:00+00:00,73160,72890,72740,71690,72210,FALSE,FALSE,
2024-03-13 12:00:00+00:00,72910,74365,73810,73000,72210,FALSE,TRUE,
2024-03-14 12:00:00+00:00,74300,74415,73645,73005,71900,FALSE,TRUE,
2024-03-15 12:00:00+00:00,72870,69135,68455,67875,67760,FALSE,TRUE,
2024-03-18 12:00:00+00:00,69265,69095,68920,68370,67435,FALSE,TRUE,
2024-03-19 12:00:00+00:00,68385,65690,64030,63290,63230,FALSE,TRUE,
2024-03-20 12:00:00+00:00,63675,64175,64490,63405,63285,TRUE,TRUE,X
2024-03-21 12:00:00+00:00,68360,67685,67590,67130,66730,FALSE,TRUE,
2024-03-22 12:00:00+00:00,66505,66750,64720,64015,62900,FALSE,TRUE,
2024-03-25 12:00:00+00:00,67845,67485,67395,66855,66940,FALSE,FALSE,
2024-03-26 12:00:00+00:00,70735,71595,72020,71400,70150,TRUE,TRUE,X
2024-03-27 12:00:00+00:00,71460,70990,70345,70035,69630,FALSE,TRUE,
2024-03-28 12:00:00+00:00,70620,71800,71700,71140,71210,FALSE,FALSE,
2024-04-01 12:00:00+00:00,72185,70385,70480,70045,70235,FALSE,FALSE,
2024-04-02 12:00:00+00:00,70355,67585,66220,65520,65000,FALSE,TRUE,
2024-04-03 12:00:00+00:00,66980,67235,66700,66195,66090,FALSE,TRUE,
2024-04-04 12:00:00+00:00,66795,66925,67340,66780,67150,TRUE,FALSE,
2024-04-05 12:00:00+00:00,69160,67940,67300,66300,66860,FALSE,FALSE,
2024-04-08 12:00:00+00:00,70255,73250,73380,72690,72135,TRUE,TRUE,X
2024-04-09 12:00:00+00:00,72095,71595,71315,70970,70335,FALSE,TRUE,
2024-04-10 12:00:00+00:00,69935,69840,69430,67810,67770,FALSE,TRUE,
2024-04-11 12:00:00+00:00,71520,71770,71485,70365,69990,FALSE,TRUE,
2024-04-12 12:00:00+00:00,71805,71555,71405,70725,69935,FALSE,TRUE,
2024-04-15 12:00:00+00:00,66425,67215,66675,66155,66045,FALSE,TRUE,
2024-04-16 12:00:00+00:00,64085,64000,63715,63090,62330,FALSE,TRUE,
2024-04-17 12:00:00+00:00,64665,64140,63050,62185,62305,FALSE,FALSE,
2024-04-18 12:00:00+00:00,62365,63240,62945,61785,62085,FALSE,FALSE,
2024-04-19 12:00:00+00:00,63595,65640,65625,64950,64675,FALSE,TRUE,
2024-04-22 12:00:00+00:00,66520,66580,66035,65700,65735,FALSE,FALSE,
2024-04-23 12:00:00+00:00,67240,66660,66200,65795,66070,FALSE,FALSE,
2024-04-24 12:00:00+00:00,67120,66955,66705,66305,65730,FALSE,TRUE,
2024-04-25 12:00:00+00:00,64945,64935,64200,63265,62770,FALSE,TRUE,
2024-04-26 12:00:00+00:00,65260,65175,65125,64505,64175,FALSE,TRUE,
2024-04-29 12:00:00+00:00,63805,62980,63030,62340,62135,FALSE,TRUE,
2024-04-30 12:00:00+00:00,65335,63890,61685,61095,61115,FALSE,FALSE,
2024-05-01 12:00:00+00:00,60980,60345,58620,58055,57560,FALSE,TRUE,
2024-05-02 12:00:00+00:00,58850,59040,59500,58815,58650,TRUE,TRUE,X
2024-05-03 12:00:00+00:00,60535,60105,61285,59405,61010,FALSE,FALSE,
2024-05-06 12:00:00+00:00,64980,66015,64850,63795,63895,FALSE,FALSE,
2024-05-07 12:00:00+00:00,64330,64835,64155,63850,63455,FALSE,TRUE,
2024-05-08 12:00:00+00:00,63310,62940,62755,62375,62055,FALSE,TRUE,
2024-05-09 12:00:00+00:00,62125,62090,61890,61375,61125,FALSE,TRUE,
2024-05-10 12:00:00+00:00,63415,63740,63890,63355,63150,TRUE,TRUE,X
2024-05-13 12:00:00+00:00,62125,63745,63255,62785,62890,FALSE,FALSE,
2024-05-14 12:00:00+00:00,63485,62970,62400,61400,61740,FALSE,FALSE,
2024-05-15 12:00:00+00:00,62320,63300,64540,62670,63870,TRUE,FALSE,
2024-05-16 12:00:00+00:00,67025,67000,67135,66260,66130,FALSE,TRUE,
2024-05-17 12:00:00+00:00,66145,66800,66895,66375,66090,TRUE,TRUE,X
2024-05-20 12:00:00+00:00,67565,67650,67440,67080,66995,FALSE,TRUE,
2024-05-21 12:00:00+00:00,72360,71890,71920,71410,70795,FALSE,TRUE,
2024-05-22 12:00:00+00:00,70700,70625,70410,69820,69695,FALSE,TRUE,
2024-05-23 12:00:00+00:00,69865,70335,70370,69255,67815,TRUE,TRUE,X
2024-05-24 12:00:00+00:00,68155,67705,67775,67520,67115,FALSE,TRUE,
2024-05-27 12:00:00+00:00,69525,69025,68710,68475,68720,FALSE,FALSE,
2024-05-28 12:00:00+00:00,69625,68920,68560,68180,67655,FALSE,TRUE,
2024-05-29 12:00:00+00:00,69465,68710,67990,67650,67560,FALSE,TRUE,
2024-05-30 12:00:00+00:00,68800,68820,68950,68405,68065,TRUE,TRUE,X
2024-05-31 12:00:00+00:00,69345,69075,69725,68900,68550,FALSE,TRUE,
2024-06-03 12:00:00+00:00,69495,70110,70585,69850,70290,TRUE,FALSE,
2024-06-04 12:00:00+00:00,69795,69630,69660,69305,69450,FALSE,FALSE,
2024-06-05 12:00:00+00:00,71935,72040,71750,71230,71150,FALSE,TRUE,
2024-06-06 12:00:00+00:00,71805,71720,72035,71565,71485,FALSE,TRUE,
2024-06-07 12:00:00+00:00,72095,72385,72660,71120,71530,TRUE,FALSE,
2024-06-10 12:00:00+00:00,70110,69855,69840,69590,69485,FALSE,TRUE,
2024-06-11 12:00:00+00:00,69895,68135,67365,66920,66780,FALSE,TRUE,
2024-06-12 12:00:00+00:00,67975,68500,69915,68040,69520,TRUE,FALSE,
2024-06-13 12:00:00+00:00,68665,68215,68840,67760,67785,FALSE,FALSE,
2024-06-14 12:00:00+00:00,67415,67465,67515,67185,67175,TRUE,TRUE,X
2024-06-17 12:00:00+00:00,67105,66575,65910,65640,65250,FALSE,TRUE,
2024-06-18 12:00:00+00:00,66720,65940,65550,65085,64675,FALSE,TRUE,
2024-06-19 12:00:00+00:00,65820,65765,65415,65135,65130,FALSE,TRUE,
2024-06-20 12:00:00+00:00,65760,66675,66445,66020,65205,FALSE,TRUE,
2024-06-21 12:00:00+00:00,65130,64790,63955,63535,63395,FALSE,TRUE,
2024-06-24 12:00:00+00:00,63370,62955,61495,61080,60920,FALSE,TRUE,
2024-06-25 12:00:00+00:00,61540,61555,61315,60990,61015,FALSE,FALSE,
2024-06-26 12:00:00+00:00,62495,61780,61595,61330,61355,FALSE,FALSE,
2024-06-27 12:00:00+00:00,61215,61785,61620,61115,61810,FALSE,FALSE,
2024-06-28 12:00:00+00:00,62635,62200,62350,61760,61625,FALSE,TRUE,
2024-07-01 12:00:00+00:00,64335,63925,63295,62980,62865,FALSE,TRUE,
2024-07-02 12:00:00+00:00,63630,63385,63320,63000,62790,FALSE,TRUE,
2024-07-03 12:00:00+00:00,62510,61325,60570,60090,59935,FALSE,TRUE,
2024-07-04 12:00:00+00:00,60635,59250,57915,57340,56915,FALSE,TRUE,
2024-07-05 12:00:00+00:00,57765,55940,56230,55290,55120,FALSE,TRUE,
2024-07-08 12:00:00+00:00,56270,58525,57870,57215,57045,FALSE,TRUE,
2024-07-09 12:00:00+00:00,57570,58070,57805,57505,57200,FALSE,TRUE,
2024-07-10 12:00:00+00:00,59740,59590,58835,57995,57740,FALSE,TRUE,
2024-07-11 12:00:00+00:00,58600,59070,59895,58740,58475,TRUE,TRUE,X
2024-07-12 12:00:00+00:00,57735,57645,57740,57305,57580,FALSE,FALSE,
2024-07-15 12:00:00+00:00,63210,63500,63095,62700,62705,FALSE,FALSE,
2024-07-16 12:00:00+00:00,65245,64125,64450,63880,63620,FALSE,TRUE,
2024-07-17 12:00:00+00:00,66295,65965,65225,64735,64725,FALSE,TRUE,
2024-07-18 12:00:00+00:00,65390,65280,65250,64935,64655,FALSE,TRUE,
2024-07-19 12:00:00+00:00,64590,64685,64660,64250,64240,FALSE,TRUE,
2024-07-22 12:00:00+00:00,68625,67865,67860,67490,67075,FALSE,TRUE,
2024-07-23 12:00:00+00:00,67855,67260,66855,66470,66010,FALSE,TRUE,
2024-07-24 12:00:00+00:00,66205,66665,66675,66240,66320,TRUE,FALSE,
2024-07-25 12:00:00+00:00,65650,64955,65155,64615,63735,FALSE,TRUE,
2024-07-26 12:00:00+00:00,68380,68330,68245,67890,68015,FALSE,FALSE,
2024-07-29 12:00:00+00:00,70635,70725,70735,70175,69785,TRUE,TRUE,X
2024-07-30 12:00:00+00:00,67435,67595,67385,66765,66860,FALSE,FALSE,
2024-07-31 12:00:00+00:00,66950,67105,66810,66520,66625,FALSE,FALSE,
2024-08-01 12:00:00+00:00,65255,65135,65400,65120,64930,FALSE,TRUE,
2024-08-02 12:00:00+00:00,65965,65325,65370,64555,64985,FALSE,FALSE,
2024-08-05 12:00:00+00:00,58595,53550,51940,49800,49880,FALSE,FALSE,
2024-08-06 12:00:00+00:00,56515,56420,55685,54935,54650,FALSE,TRUE,
2024-08-07 12:00:00+00:00,57620,58030,57660,57130,56955,FALSE,TRUE,
2024-08-08 12:00:00+00:00,57910,57950,58720,57315,56965,TRUE,TRUE,X
2024-08-09 12:00:00+00:00,62020,61515,61070,60470,60055,FALSE,TRUE,
2024-08-12 12:00:00+00:00,59365,60210,60170,59770,58250,FALSE,TRUE,
2024-08-13 12:00:00+00:00,60060,59675,59405,58940,59060,FALSE,FALSE,
2024-08-14 12:00:00+00:00,61500,61625,62200,61080,59670,TRUE,TRUE,X
2024-08-15 12:00:00+00:00,59200,59025,59560,58815,58735,FALSE,TRUE,
2024-08-16 12:00:00+00:00,58650,58940,58790,57800,58055,FALSE,FALSE,
2024-08-19 12:00:00+00:00,58900,58915,58685,58465,58255,FALSE,TRUE,
2024-08-20 12:00:00+00:00,61650,61375,60950,60695,60505,FALSE,TRUE,
2024-08-21 12:00:00+00:00,59670,60060,59765,59440,59015,FALSE,TRUE,
2024-08-22 12:00:00+00:00,61375,61575,61585,60945,60510,TRUE,TRUE,X
2024-08-23 12:00:00+00:00,61230,61490,61335,60865,60990,FALSE,FALSE,
2024-08-26 12:00:00+00:00,64575,64135,64095,63535,63555,FALSE,FALSE,
2024-08-27 12:00:00+00:00,63715,63185,62485,62150,62105,FALSE,TRUE,
2024-08-28 12:00:00+00:00,59655,60235,60165,59910,59340,FALSE,TRUE,
2024-08-29 12:00:00+00:00,59740,60485,60515,60010,60220,TRUE,FALSE,
2024-08-30 12:00:00+00:00,59880,59985,60275,59755,59270,TRUE,TRUE,X
2024-09-02 12:00:00+00:00,58185,58920,58755,58505,58450,FALSE,TRUE,
2024-09-03 12:00:00+00:00,60185,59435,59685,59330,58445,FALSE,TRUE,
2024-09-04 12:00:00+00:00,58220,57170,57015,56730,56525,FALSE,TRUE,
2024-09-05 12:00:00+00:00,58570,57450,56990,56505,56700,FALSE,FALSE,
2024-09-06 12:00:00+00:00,57105,56710,57225,55920,56090,FALSE,FALSE,
2024-09-09 12:00:00+00:00,55645,55800,55600,55200,55455,FALSE,FALSE,
2024-09-10 12:00:00+00:00,57300,57635,57660,57365,56830,TRUE,TRUE,X
2024-09-11 12:00:00+00:00,58020,57035,57085,56450,55840,FALSE,TRUE,
2024-09-12 12:00:00+00:00,58730,58575,58345,57815,57450,FALSE,TRUE,
2024-09-13 12:00:00+00:00,58450,58580,58150,57810,57830,FALSE,FALSE,
2024-09-16 12:00:00+00:00,59320,59265,58875,58545,58115,FALSE,TRUE,
2024-09-17 12:00:00+00:00,58930,59445,59640,59230,59045,TRUE,TRUE,X
2024-09-18 12:00:00+00:00,60840,60610,60070,59775,59340,FALSE,TRUE,
2024-09-19 12:00:00+00:00,62780,62875,63375,62765,62780,TRUE,FALSE,
2024-09-20 12:00:00+00:00,64200,64015,63715,63495,62795,FALSE,TRUE,
2024-09-23 12:00:00+00:00,64835,63855,63585,63250,63095,FALSE,TRUE,
2024-09-24 12:00:00+00:00,63485,64075,63760,63495,63490,FALSE,TRUE,
2024-09-25 12:00:00+00:00,64975,64210,63885,63620,63325,FALSE,TRUE,
2024-09-26 12:00:00+00:00,64220,64565,64800,64400,64645,TRUE,FALSE,
2024-09-27 12:00:00+00:00,65890,66525,66415,65850,65845,FALSE,TRUE,
2024-09-30 12:00:00+00:00,65965,65000,64405,64040,64140,FALSE,FALSE,
2024-10-01 12:00:00+00:00,64175,64430,64110,63900,62735,FALSE,TRUE,
2024-10-02 12:00:00+00:00,62115,62235,61485,60975,60780,FALSE,TRUE,
2024-10-03 12:00:00+00:00,61665,61685,60890,60615,60070,FALSE,TRUE,
2024-10-04 12:00:00+00:00,61470,61895,63085,61400,61660,TRUE,FALSE,
2024-10-07 12:00:00+00:00,64305,63965,63305,63030,63060,FALSE,FALSE,
2024-10-08 12:00:00+00:00,63020,62880,62895,62685,62550,FALSE,TRUE,
2024-10-09 12:00:00+00:00,62705,62720,62360,61865,61865,FALSE,FALSE,
2024-10-10 12:00:00+00:00,61145,61430,61450,60830,60680,TRUE,TRUE,X
2024-10-11 12:00:00+00:00,60885,61405,61950,61305,61375,TRUE,FALSE,
2024-10-14 12:00:00+00:00,64765,65380,65305,65010,64855,FALSE,TRUE,
2024-10-15 12:00:00+00:00,66555,66065,66165,65625,65980,FALSE,FALSE,
2024-10-16 12:00:00+00:00,67810,68695,68325,67930,67370,FALSE,TRUE,
2024-10-17 12:00:00+00:00,68150,67665,67330,66955,66765,FALSE,TRUE,
2024-10-18 12:00:00+00:00,68440,68545,67940,67745,67780,FALSE,FALSE,
2024-10-21 12:00:00+00:00,69635,69260,68395,68135,67150,FALSE,TRUE,
2024-10-22 12:00:00+00:00,68160,67860,67515,66905,66645,FALSE,TRUE,
2024-10-23 12:00:00+00:00,67450,67315,66490,66070,66355,FALSE,FALSE,
2024-10-24 12:00:00+00:00,68070,68070,68190,67820,67435,FALSE,TRUE,
2024-10-25 12:00:00+00:00,68925,68810,68935,68605,68320,FALSE,TRUE,
2024-10-28 12:00:00+00:00,68855,69435,69650,69165,69375,TRUE,FALSE,
2024-10-29 12:00:00+00:00,72295,72345,72295,71825,71625,FALSE,TRUE,
2024-10-30 12:00:00+00:00,73655,73470,73010,72600,72135,FALSE,TRUE,
2024-10-31 12:00:00+00:00,73460,73455,73030,72725,71670,FALSE,TRUE,
2024-11-01 12:00:00+00:00,70820,70580,70815,70285,70510,FALSE,FALSE,
2024-11-04 12:00:00+00:00,69785,69420,69335,69090,68955,FALSE,TRUE,
2024-11-05 12:00:00+00:00,69070,69430,69290,68990,68995,FALSE,FALSE,
2024-11-06 12:00:00+00:00,75835,76170,75495,74845,74305,FALSE,TRUE,
2024-11-07 12:00:00+00:00,76675,75860,75825,75425,75195,FALSE,TRUE,
2024-11-08 12:00:00+00:00,77105,77090,76930,76620,76535,FALSE,TRUE,
2024-11-11 12:00:00+00:00,82585,83100,83205,82515,82280,TRUE,TRUE,X
2024-11-12 12:00:00+00:00,90240,90725,88705,87160,85930,FALSE,TRUE,
2024-11-13 12:00:00+00:00,89390,88755,88710,88130,88190,FALSE,FALSE,
2024-11-14 12:00:00+00:00,91130,92155,92115,91510,91110,FALSE,TRUE,
2024-11-15 12:00:00+00:00,88900,90190,91100,90035,89785,TRUE,TRUE,X
2024-11-18 12:00:00+00:00,91500,92840,91165,90525,89815,FALSE,TRUE,
2024-11-19 12:00:00+00:00,92570,92695,93180,92350,91560,TRUE,TRUE,X
2024-11-20 12:00:00+00:00,93080,94300,94370,93980,94215,TRUE,FALSE,
2024-11-21 12:00:00+00:00,98365,98860,98695,97765,97515,FALSE,TRUE,
2024-11-22 12:00:00+00:00,99820,100005,99430,98940,97710,FALSE,TRUE,
2024-11-25 12:00:00+00:00,98520,99275,98620,98235,97515,FALSE,TRUE,
2024-11-26 12:00:00+00:00,95135,95225,92760,91960,92065,FALSE,FALSE,
2024-11-27 12:00:00+00:00,93965,95040,93610,93015,94600,FALSE,FALSE,
2024-11-28 12:00:00+00:00,97970,97075,96890,96700,96425,FALSE,TRUE,
2024-11-29 12:00:00+00:00,98175,98775,98900,98300,98140,TRUE,TRUE,X
2024-12-02 12:00:00+00:00,99565,97555,96405,95785,95875,FALSE,FALSE,
2024-12-03 12:00:00+00:00,97390,97395,95995,95680,94440,FALSE,TRUE,
2024-12-04 12:00:00+00:00,97735,98205,97425,96820,96400,FALSE,TRUE,
2024-12-05 12:00:00+00:00,105325,104400,104680,103740,103950,FALSE,FALSE,
2024-12-06 12:00:00+00:00,99385,99355,99150,98255,98280,FALSE,FALSE,
2024-12-09 12:00:00+00:00,102135,100265,99210,98480,98820,FALSE,FALSE,
2024-12-10 12:00:00+00:00,98690,98575,98445,97580,97980,FALSE,FALSE,
2024-12-11 12:00:00+00:00,98255,99135,99175,98810,98790,TRUE,TRUE,X
2024-12-12 12:00:00+00:00,102615,101700,101540,100960,101150,FALSE,FALSE,
2024-12-13 12:00:00+00:00,100795,101345,101005,100645,100500,FALSE,TRUE,
2024-12-16 12:00:00+00:00,107210,106020,104615,103765,103950,FALSE,FALSE,
2024-12-17 12:00:00+00:00,107510,108080,107725,106990,107495,FALSE,FALSE,
2024-12-18 12:00:00+00:00,106960,105380,105715,105030,104930,FALSE,TRUE,
2024-12-19 12:00:00+00:00,101590,102890,102760,102175,101965,FALSE,TRUE,
2024-12-20 12:00:00+00:00,97910,98265,94345,92355,93645,FALSE,FALSE,
2024-12-23 12:00:00+00:00,96540,96595,96540,95905,94835,FALSE,TRUE,
2024-12-24 12:00:00+00:00,94855,95315,95225,94980,94480,FALSE,TRUE,
2024-12-26 12:00:00+00:00,100680,99720,96690,96305,96120,FALSE,TRUE,
2024-12-27 12:00:00+00:00,97490,98425,97890,97420,97185,FALSE,TRUE,
2024-12-30 12:00:00+00:00,94860,94675,94915,94310,93045,FALSE,TRUE,
2024-12-31 12:00:00+00:00,93420,95290,95650,94910,95185,TRUE,FALSE,
2025-01-02 12:00:00+00:00,96595,97640,97685,97380,97210,TRUE,TRUE,X
2025-01-03 12:00:00+00:00,98100,97635,97690,97390,97150,FALSE,TRUE,
2025-01-06 12:00:00+00:00,100825,100650,100510,99895,99615,FALSE,TRUE,
2025-01-07 12:00:00+00:00,103685,102895,101740,101395,101305,FALSE,TRUE,
2025-01-08 12:00:00+00:00,97565,96920,95735,95200,95310,FALSE,FALSE,
2025-01-09 12:00:00+00:00,95640,94860,93895,93420,92125,FALSE,TRUE,
2025-01-10 12:00:00+00:00,94575,95745,95585,95220,93220,FALSE,TRUE,
2025-01-13 12:00:00+00:00,96420,94680,91555,90520,90800,FALSE,FALSE,
2025-01-14 12:00:00+00:00,96015,97810,97045,96335,96110,FALSE,TRUE,
2025-01-15 12:00:00+00:00,98185,98045,97555,96920,97220,FALSE,FALSE,
2025-01-16 12:00:00+00:00,101425,100300,99925,99345,99220,FALSE,TRUE,
2025-01-17 12:00:00+00:00,102615,103000,103435,102660,102925,TRUE,FALSE,
2025-01-20 12:00:00+00:00,103100,110150,109125,105985,107030,FALSE,FALSE,
2025-01-21 12:00:00+00:00,103475,104195,104955,103810,104415,TRUE,FALSE,
2025-01-22 12:00:00+00:00,106615,106250,105885,105380,104025,FALSE,TRUE,
2025-01-23 12:00:00+00:00,104015,103000,102240,101435,101395,FALSE,TRUE,
2025-01-24 12:00:00+00:00,105500,106005,105890,105440,105145,FALSE,TRUE,
2025-01-27 12:00:00+00:00,103255,100335,100870,98680,100080,FALSE,FALSE,
2025-01-28 12:00:00+00:00,104285,104090,103095,102505,102530,FALSE,FALSE,
2025-01-29 12:00:00+00:00,103200,103095,102805,102300,101685,FALSE,TRUE,
2025-01-30 12:00:00+00:00,106600,106700,106340,105835,105830,FALSE,TRUE,
2025-01-31 12:00:00+00:00,105975,105620,105670,105335,105365,FALSE,FALSE,
2025-02-03 12:00:00+00:00,98200,96450,96185,95330,94985,FALSE,TRUE,
2025-02-04 12:00:00+00:00,102415,100235,100285,99490,99455,FALSE,TRUE,
2025-02-05 12:00:00+00:00,99605,98820,99295,98485,98445,FALSE,TRUE,
2025-02-06 12:00:00+00:00,98430,99765,99625,98835,98700,FALSE,TRUE,
2025-02-07 12:00:00+00:00,98375,98205,98520,97980,97715,FALSE,TRUE,
2025-02-10 12:00:00+00:00,98000,98480,98215,97570,97760,FALSE,FALSE,
2025-02-11 12:00:00+00:00,98960,98920,98465,97945,96970,FALSE,TRUE,
2025-02-12 12:00:00+00:00,96520,96740,96620,96165,94285,FALSE,TRUE,
2025-02-13 12:00:00+00:00,98435,96955,96285,95910,95900,FALSE,TRUE,
2025-02-14 12:00:00+00:00,97510,97495,97045,96745,96620,FALSE,TRUE,
2025-02-17 12:00:00+00:00,96830,96670,96670,96175,96405,FALSE,FALSE,
2025-02-18 12:00:00+00:00,96475,95965,96405,95745,96200,FALSE,FALSE,
2025-02-19 12:00:00+00:00,96000,96650,96665,96270,96330,TRUE,FALSE,
2025-02-20 12:00:00+00:00,97530,98275,97765,97395,97455,FALSE,FALSE,
2025-02-21 12:00:00+00:00,98765,99195,99195,98750,99035,FALSE,FALSE,
2025-02-24 12:00:00+00:00,96625,96250,96000,95705,95390,FALSE,TRUE,
2025-02-25 12:00:00+00:00,92500,92030,89445,88845,88700,FALSE,TRUE,
2025-02-26 12:00:00+00:00,89285,89725,89025,87855,86860,FALSE,TRUE,
2025-02-27 12:00:00+00:00,85890,87085,86740,86195,85680,FALSE,TRUE,
2025-02-28 12:00:00+00:00,85265,81330,81300,80550,81050,FALSE,FALSE,
2025-03-03 12:00:00+00:00,95015,93780,93690,93180,93280,FALSE,FALSE,
2025-03-04 12:00:00+00:00,87110,84810,84325,83600,82680,FALSE,TRUE,
2025-03-05 12:00:00+00:00,88310,91020,91530,90280,89545,TRUE,TRUE,X
2025-03-06 12:00:00+00:00,93210,93165,91680,90225,89825,FALSE,TRUE,
2025-03-07 12:00:00+00:00,91665,90000,89740,88665,89205,FALSE,FALSE,
2025-03-10 12:00:00+00:00,83025,84200,83965,82870,81620,FALSE,TRUE,
2025-03-11 12:00:00+00:00,80595,82340,82145,81325,80840,FALSE,TRUE,
2025-03-12 12:00:00+00:00,84020,83235,84650,83060,82540,FALSE,TRUE,
2025-03-13 12:00:00+00:00,84870,83725,83930,82500,81705,FALSE,TRUE,
2025-03-14 12:00:00+00:00,82380,83590,83725,83305,83280,TRUE,TRUE,X
2025-03-17 12:00:00+00:00,84015,83860,84150,83140,82890,FALSE,TRUE,
2025-03-18 12:00:00+00:00,84160,83480,82855,82355,81185,FALSE,TRUE,
2025-03-19 12:00:00+00:00,83460,84220,84045,83675,83740,FALSE,FALSE,
2025-03-20 12:00:00+00:00,87650,86455,85670,85300,85160,FALSE,TRUE,
2025-03-21 12:00:00+00:00,84865,84500,84365,83385,83140,FALSE,TRUE,
2025-03-24 12:00:00+00:00,87600,88000,87730,87300,87235,FALSE,TRUE,
2025-03-25 12:00:00+00:00,87765,87755,87375,87015,87105,FALSE,FALSE,
2025-03-26 12:00:00+00:00,87915,88670,88030,87600,86740,FALSE,TRUE,
2025-03-27 12:00:00+00:00,88135,88120,87580,87125,85805,FALSE,TRUE,
2025-03-28 12:00:00+00:00,87940,86550,85840,85150,85200,FALSE,FALSE,
2025-03-31 12:00:00+00:00,82670,82525,83385,82175,81905,FALSE,TRUE,
2025-04-01 12:00:00+00:00,83585,84860,84510,83890,83680,FALSE,TRUE,
2025-04-02 12:00:00+00:00,85660,85750,85400,84820,84825,FALSE,FALSE,
2025-04-03 12:00:00+00:00,84185,84080,83400,82130,81980,FALSE,TRUE,
2025-04-04 12:00:00+00:00,83590,85060,83380,82470,82355,FALSE,TRUE,
2025-04-07 12:00:00+00:00,79580,77805,77820,76630,75930,FALSE,TRUE,
2025-04-08 12:00:00+00:00,81100,80210,80295,79790,79545,FALSE,TRUE,
2025-04-09 12:00:00+00:00,76905,77990,77120,76105,76795,FALSE,FALSE,
2025-04-10 12:00:00+00:00,82965,82460,82570,81600,80880,FALSE,TRUE,
2025-04-11 12:00:00+00:00,81200,83155,82695,82040,82000,FALSE,TRUE,
2025-04-14 12:00:00+00:00,85705,85130,85420,84955,84215,FALSE,TRUE,
2025-04-15 12:00:00+00:00,86140,86265,86080,85670,85800,FALSE,FALSE,
2025-04-16 12:00:00+00:00,84345,84285,84430,83890,83705,FALSE,TRUE,
2025-04-17 12:00:00+00:00,84710,85270,85050,84740,84470,FALSE,TRUE,
2025-04-21 12:00:00+00:00,88010,87940,87780,87175,86960,FALSE,TRUE,
2025-04-22 12:00:00+00:00,89040,89210,89420,88690,89170,TRUE,FALSE,
2025-04-23 12:00:00+00:00,94040,94660,94010,93560,92960,FALSE,TRUE,
2025-04-24 12:00:00+00:00,94500,93490,93620,93300,93365,FALSE,FALSE,
2025-04-25 12:00:00+00:00,95410,95540,95885,95235,94885,TRUE,TRUE,X