Timestamp,Symbol,Action,Open/Close/Add,Cost basis,Quantity,PnL
2020-01-16 12:00:00+00:00,6B.FUT,MARKET_BUY,Open,1.3088,11,
2020-01-16 20:00:00+00:00,6B.FUT,MARKET_SELL,Close,1.3088,0.0,61.875
2020-01-21 12:00:00+00:00,6B.FUT,MARKET_BUY,Open,1.3071,14,
2020-01-21 20:00:00+00:00,6B.FUT,MARKET_SELL,Close,1.3071,0.0,-43.74999999998545
2020-01-22 12:00:00+00:00,6B.FUT,MARKET_BUY,Open,1.3142,5,
2020-01-22 20:00:00+00:00,6B.FUT,MARKET_SELL,Close,1.3142,0.0,50.000000000007276
2020-01-30 12:00:00+00:00,6B.FUT,MARKET_BUY,Open,1.3104,5,
2020-01-30 20:00:00+00:00,6B.FUT,MARKET_SELL,Close,1.3104,0.0,18.75
2020-02-12 12:00:00+00:00,6B.FUT,MARKET_BUY,Open,1.2997,12,
2020-02-12 20:00:00+00:00,6B.FUT,MARKET_SELL,Close,1.2997,0.0,-202.5
2020-02-13 12:00:00+00:00,6B.FUT,MARKET_BUY,Open,1.3042,5,
2020-02-13 20:00:00+00:00,6B.FUT,MARKET_SELL,Close,1.3042,0.0,50.0
2020-02-18 12:00:00+00:00,6B.FUT,MARKET_BUY,Open,1.3041,15,
2020-02-18 20:00:00+00:00,6B.FUT,MARKET_SELL,Close,1.3041,0.0,-290.62500000001455
2020-02-25 12:00:00+00:00,6B.FUT,MARKET_BUY,Open,1.296,15,
2020-02-25 20:00:00+00:00,6B.FUT,MARKET_SELL,Close,1.296,0.0,431.24999999998545
2020-03-05 12:00:00+00:00,6B.FUT,MARKET_BUY,Open,1.2916,7,
2020-03-05 20:00:00+00:00,6B.FUT,MARKET_SELL,Close,1.2916,0.0,210.0
2020-03-24 12:00:00+00:00,6B.FUT,MARKET_BUY,Open,1.1773,15,
2020-03-24 20:00:00+00:00,6B.FUT,MARKET_SELL,Close,1.1773,0.0,103.1249999999709
2020-03-26 12:00:00+00:00,6B.FUT,MARKET_BUY,Open,1.2005,15,
2020-03-26 20:00:00+00:00,6B.FUT,MARKET_SELL,Close,1.2005,0.0,1640.625
2020-03-31 12:00:00+00:00,6B.FUT,MARKET_BUY,Open,1.2404,15,
2020-03-31 20:00:00+00:00,6B.FUT,MARKET_SELL,Close,1.2404,0.0,328.12500000001455
2020-04-07 12:00:00+00:00,6B.FUT,MARKET_BUY,Open,1.2379,15,
2020-04-07 20:00:00+00:00,6B.FUT,MARKET_SELL,Close,1.2379,0.0,-309.37500000001455
2020-04-08 12:00:00+00:00,6B.FUT,MARKET_BUY,Open,1.2381,15,
2020-04-08 20:00:00+00:00,6B.FUT,MARKET_SELL,Close,1.2381,0.0,168.75000000001455
2020-04-09 12:00:00+00:00,6B.FUT,MARKET_BUY,Open,1.2446,15,
2020-04-09 20:00:00+00:00,6B.FUT,MARKET_SELL,Close,1.2446,0.0,149.99999999998545
2020-04-14 12:00:00+00:00,6B.FUT,MARKET_BUY,Open,1.2587,10,
2020-04-14 20:00:00+00:00,6B.FUT,MARKET_SELL,Close,1.2587,0.0,287.5
2020-04-27 12:00:00+00:00,6B.FUT,MARKET_BUY,Open,1.2431,15,
2020-04-27 20:00:00+00:00,6B.FUT,MARKET_SELL,Close,1.2431,0.0,0.0
2020-04-28 12:00:00+00:00,6B.FUT,MARKET_BUY,Open,1.2486,15,
2020-04-28 20:00:00+00:00,6B.FUT,MARKET_SELL,Close,1.2486,0.0,-553.125
2020-04-30 12:00:00+00:00,6B.FUT,MARKET_BUY,Open,1.2517,13,
2020-04-30 20:00:00+00:00,6B.FUT,MARKET_SELL,Close,1.2517,0.0,674.3749999999854
2020-05-19 12:00:00+00:00,6B.FUT,MARKET_BUY,Open,1.2244,15,
2020-05-19 20:00:00+00:00,6B.FUT,MARKET_SELL,Close,1.2244,0.0,0.0
2020-06-10 12:00:00+00:00,6B.FUT,MARKET_BUY,Open,1.2788,13,
2020-06-10 20:00:00+00:00,6B.FUT,MARKET_SELL,Close,1.2788,0.0,-333.125
2020-06-16 12:00:00+00:00,6B.FUT,MARKET_BUY,Open,1.2675,15,
2020-06-16 20:00:00+00:00,6B.FUT,MARKET_SELL,Close,1.2675,0.0,-956.2500000000146
2020-06-23 12:00:00+00:00,6B.FUT,MARKET_BUY,Open,1.2503,15,
2020-06-23 20:00:00+00:00,6B.FUT,MARKET_SELL,Close,1.2503,0.0,150.0
2020-07-01 12:00:00+00:00,6B.FUT,MARKET_BUY,Open,1.2419,12,
2020-07-01 20:00:00+00:00,6B.FUT,MARKET_SELL,Close,1.2419,0.0,487.49999999998545
2020-07-07 12:00:00+00:00,6B.FUT,MARKET_BUY,Open,1.2543,14,
2020-07-07 20:00:00+00:00,6B.FUT,MARKET_SELL,Close,1.2543,0.0,78.75000000001455
2020-07-15 12:00:00+00:00,6B.FUT,MARKET_BUY,Open,1.264,5,
2020-07-15 20:00:00+00:00,6B.FUT,MARKET_SELL,Close,1.264,0.0,-153.125
2020-07-20 12:00:00+00:00,6B.FUT,MARKET_BUY,Open,1.263,10,
2020-07-20 20:00:00+00:00,6B.FUT,MARKET_SELL,Close,1.263,0.0,181.25
2020-07-24 12:00:00+00:00,6B.FUT,MARKET_BUY,Open,1.2765,15,
2020-07-24 20:00:00+00:00,6B.FUT,MARKET_SELL,Close,1.2765,0.0,346.875
2020-07-27 12:00:00+00:00,6B.FUT,MARKET_BUY,Open,1.2858,15,
2020-07-27 20:00:00+00:00,6B.FUT,MARKET_SELL,Close,1.2858,0.0,328.12499999998545
2020-07-28 12:00:00+00:00,6B.FUT,MARKET_BUY,Open,1.2891,15,
2020-07-28 20:00:00+00:00,6B.FUT,MARKET_SELL,Close,1.2891,0.0,421.87500000001455
2020-07-29 12:00:00+00:00,6B.FUT,MARKET_BUY,Open,1.2983,6,
2020-07-29 20:00:00+00:00,6B.FUT,MARKET_SELL,Close,1.2983,0.0,78.75
2020-07-30 12:00:00+00:00,6B.FUT,MARKET_BUY,Open,1.3034,12,
2020-07-30 20:00:00+00:00,6B.FUT,MARKET_SELL,Close,1.3034,0.0,480.00000000001455
2020-08-05 12:00:00+00:00,6B.FUT,MARKET_BUY,Open,1.3144,11,
2020-08-05 20:00:00+00:00,6B.FUT,MARKET_SELL,Close,1.3144,0.0,-151.25
2020-08-11 12:00:00+00:00,6B.FUT,MARKET_BUY,Open,1.3121,15,
2020-08-11 20:00:00+00:00,6B.FUT,MARKET_SELL,Close,1.3121,0.0,-581.25
2020-08-13 12:00:00+00:00,6B.FUT,MARKET_BUY,Open,1.31,15,
2020-08-13 20:00:00+00:00,6B.FUT,MARKET_SELL,Close,1.31,0.0,-300.00000000001455
2020-08-14 12:00:00+00:00,6B.FUT,MARKET_BUY,Open,1.3128,9,
2020-08-14 20:00:00+00:00,6B.FUT,MARKET_SELL,Close,1.3128,0.0,-163.12499999998545
2020-08-18 12:00:00+00:00,6B.FUT,MARKET_BUY,Open,1.3198,5,
2020-08-18 20:00:00+00:00,6B.FUT,MARKET_SELL,Close,1.3198,0.0,146.875
2020-08-26 12:00:00+00:00,6B.FUT,MARKET_BUY,Open,1.3134,15,
2020-08-26 20:00:00+00:00,6B.FUT,MARKET_SELL,Close,1.3134,0.0,740.625
2020-09-01 12:00:00+00:00,6B.FUT,MARKET_BUY,Open,1.347,7,
2020-09-01 20:00:00+00:00,6B.FUT,MARKET_SELL,Close,1.347,0.0,-345.625
2020-09-16 12:00:00+00:00,6B.FUT,MARKET_BUY,Open,1.2986,5,
2020-09-16 20:00:00+00:00,6B.FUT,MARKET_SELL,Close,1.2986,0.0,-40.625
2020-09-28 12:00:00+00:00,6B.FUT,MARKET_BUY,Open,1.2874,12,
2020-09-28 20:00:00+00:00,6B.FUT,MARKET_SELL,Close,1.2874,0.0,-270.00000000001455
2020-10-02 12:00:00+00:00,6B.FUT,MARKET_BUY,Open,1.2933,15,
2020-10-02 20:00:00+00:00,6B.FUT,MARKET_SELL,Close,1.2933,0.0,-46.875
2020-10-05 12:00:00+00:00,6B.FUT,MARKET_BUY,Open,1.2971,15,
2020-10-05 20:00:00+00:00,6B.FUT,MARKET_SELL,Close,1.2971,0.0,131.25000000001455
2020-10-09 12:00:00+00:00,6B.FUT,MARKET_BUY,Open,1.2971,15,
2020-10-09 20:00:00+00:00,6B.FUT,MARKET_SELL,Close,1.2971,0.0,609.3750000000291
2020-10-14 12:00:00+00:00,6B.FUT,MARKET_BUY,Open,1.3034,11,
2020-10-14 20:00:00+00:00,6B.FUT,MARKET_SELL,Close,1.3034,0.0,-116.8749999999709
2020-10-19 12:00:00+00:00,6B.FUT,MARKET_BUY,Open,1.2996,15,
2020-10-19 20:00:00+00:00,6B.FUT,MARKET_SELL,Close,1.2996,0.0,-487.5
2020-10-21 12:00:00+00:00,6B.FUT,MARKET_BUY,Open,1.3099,5,
2020-10-21 20:00:00+00:00,6B.FUT,MARKET_SELL,Close,1.3099,0.0,140.625
2020-11-03 12:00:00+00:00,6B.FUT,MARKET_BUY,Open,1.2991,13,
2020-11-03 20:00:00+00:00,6B.FUT,MARKET_SELL,Close,1.2991,0.0,300.62500000001455
2020-11-04 12:00:00+00:00,6B.FUT,MARKET_BUY,Open,1.3045,15,
2020-11-04 20:00:00+00:00,6B.FUT,MARKET_SELL,Close,1.3045,0.0,-525.0
2020-11-05 12:00:00+00:00,6B.FUT,MARKET_BUY,Open,1.3087,14,
2020-11-05 20:00:00+00:00,6B.FUT,MARKET_SELL,Close,1.3087,0.0,533.75
2020-11-10 12:00:00+00:00,6B.FUT,MARKET_BUY,Open,1.3253,13,
2020-11-10 20:00:00+00:00,6B.FUT,MARKET_SELL,Close,1.3253,0.0,-16.250000000014552
2020-11-17 12:00:00+00:00,6B.FUT,MARKET_BUY,Open,1.3262,15,
2020-11-17 20:00:00+00:00,6B.FUT,MARKET_SELL,Close,1.3262,0.0,-75.0
2020-11-18 12:00:00+00:00,6B.FUT,MARKET_BUY,Open,1.3279,15,
2020-11-18 20:00:00+00:00,6B.FUT,MARKET_SELL,Close,1.3279,0.0,-84.37500000001455
2020-11-23 12:00:00+00:00,6B.FUT,MARKET_BUY,Open,1.3395,5,
2020-11-23 20:00:00+00:00,6B.FUT,MARKET_SELL,Close,1.3395,0.0,-237.5
2020-12-03 12:00:00+00:00,6B.FUT,MARKET_BUY,Open,1.3451,5,
2020-12-03 20:00:00+00:00,6B.FUT,MARKET_SELL,Close,1.3451,0.0,15.625
2020-12-09 12:00:00+00:00,6B.FUT,MARKET_BUY,Open,1.3452,8,
2020-12-09 20:00:00+00:00,6B.FUT,MARKET_SELL,Close,1.3452,0.0,-275.0
2020-12-14 12:00:00+00:00,6B.FUT,MARKET_BUY,Open,1.3415,13,
2020-12-14 20:00:00+00:00,6B.FUT,MARKET_SELL,Close,1.3415,0.0,-633.75
2020-12-15 12:00:00+00:00,6B.FUT,MARKET_BUY,Open,1.3376,15,
2020-12-15 20:00:00+00:00,6B.FUT,MARKET_SELL,Close,1.3376,0.0,806.2500000000146
2020-12-16 12:00:00+00:00,6B.FUT,MARKET_BUY,Open,1.356,5,
2020-12-16 20:00:00+00:00,6B.FUT,MARKET_SELL,Close,1.356,0.0,-181.25
2020-12-30 12:00:00+00:00,6B.FUT,MARKET_BUY,Open,1.3601,12,
2020-12-30 20:00:00+00:00,6B.FUT,MARKET_SELL,Close,1.3601,0.0,180.00000000001455
2020-12-31 12:00:00+00:00,6B.FUT,MARKET_BUY,Open,1.3667,15,
2020-12-31 20:00:00+00:00,6B.FUT,MARKET_SELL,Close,1.3667,0.0,131.2500000000291
2021-01-12 12:00:00+00:00,6B.FUT,MARKET_BUY,Open,1.36,13,
2021-01-12 20:00:00+00:00,6B.FUT,MARKET_SELL,Close,1.36,0.0,576.8750000000146
2021-01-26 12:00:00+00:00,6B.FUT,MARKET_BUY,Open,1.3698,15,
2021-01-26 20:00:00+00:00,6B.FUT,MARKET_SELL,Close,1.3698,0.0,421.87500000001455
2021-01-29 12:00:00+00:00,6B.FUT,MARKET_BUY,Open,1.373,15,
2021-01-29 20:00:00+00:00,6B.FUT,MARKET_SELL,Close,1.373,0.0,-271.875
2021-02-05 12:00:00+00:00,6B.FUT,MARKET_BUY,Open,1.3699,15,
2021-02-05 20:00:00+00:00,6B.FUT,MARKET_SELL,Close,1.3699,0.0,384.3750000000291
2021-02-15 12:00:00+00:00,6B.FUT,MARKET_BUY,Open,1.3911,9,
2021-02-16 20:00:00+00:00,6B.FUT,MARKET_SELL,Close,1.3911,0.0,-11.25
2021-02-18 12:00:00+00:00,6B.FUT,MARKET_BUY,Open,1.3953,5,
2021-02-18 20:00:00+00:00,6B.FUT,MARKET_SELL,Close,1.3953,0.0,75.0
2021-02-19 12:00:00+00:00,6B.FUT,MARKET_BUY,Open,1.4017,10,
2021-02-19 20:00:00+00:00,6B.FUT,MARKET_SELL,Close,1.4017,0.0,-62.49999999998545
2021-02-22 12:00:00+00:00,6B.FUT,MARKET_BUY,Open,1.4029,15,
2021-02-22 20:00:00+00:00,6B.FUT,MARKET_SELL,Close,1.4029,0.0,309.375
2021-03-11 12:00:00+00:00,6B.FUT,MARKET_BUY,Open,1.396,9,
2021-03-11 20:00:00+00:00,6B.FUT,MARKET_SELL,Close,1.396,0.0,185.625
2021-03-29 12:00:00+00:00,6B.FUT,MARKET_BUY,Open,1.3827,15,
2021-03-29 20:00:00+00:00,6B.FUT,MARKET_SELL,Close,1.3827,0.0,-553.125
2021-03-31 12:00:00+00:00,6B.FUT,MARKET_BUY,Open,1.3771,15,
2021-03-31 20:00:00+00:00,6B.FUT,MARKET_SELL,Close,1.3771,0.0,140.625
2021-04-01 12:00:00+00:00,6B.FUT,MARKET_BUY,Open,1.3795,15,
2021-04-01 20:00:00+00:00,6B.FUT,MARKET_SELL,Close,1.3795,0.0,365.62499999998545
2021-04-05 12:00:00+00:00,6B.FUT,MARKET_BUY,Open,1.3879,9,
2021-04-05 20:00:00+00:00,6B.FUT,MARKET_SELL,Close,1.3879,0.0,168.75
2021-04-14 12:00:00+00:00,6B.FUT,MARKET_BUY,Open,1.3756,15,
2021-04-14 20:00:00+00:00,6B.FUT,MARKET_SELL,Close,1.3756,0.0,215.62499999998545
2021-04-16 12:00:00+00:00,6B.FUT,MARKET_BUY,Open,1.3806,15,
2021-04-16 20:00:00+00:00,6B.FUT,MARKET_SELL,Close,1.3806,0.0,281.24999999998545
2021-04-27 12:00:00+00:00,6B.FUT,MARKET_BUY,Open,1.3907,15,
2021-04-27 20:00:00+00:00,6B.FUT,MARKET_SELL,Close,1.3907,0.0,0.0
2021-05-05 12:00:00+00:00,6B.FUT,MARKET_BUY,Open,1.3908,15,
2021-05-05 20:00:00+00:00,6B.FUT,MARKET_SELL,Close,1.3908,0.0,9.375
2021-05-07 12:00:00+00:00,6B.FUT,MARKET_BUY,Open,1.3956,12,
2021-05-07 20:00:00+00:00,6B.FUT,MARKET_SELL,Close,1.3956,0.0,322.5
2021-05-11 12:00:00+00:00,6B.FUT,MARKET_BUY,Open,1.4153,15,
2021-05-11 20:00:00+00:00,6B.FUT,MARKET_SELL,Close,1.4153,0.0,-46.875
2021-05-14 12:00:00+00:00,6B.FUT,MARKET_BUY,Open,1.409,11,
2021-05-14 20:00:00+00:00,6B.FUT,MARKET_SELL,Close,1.409,0.0,61.87499999998545
2021-05-21 12:00:00+00:00,6B.FUT,MARKET_BUY,Open,1.4203,15,
2021-05-21 20:00:00+00:00,6B.FUT,MARKET_SELL,Close,1.4203,0.0,-496.8749999999709
2021-05-27 12:00:00+00:00,6B.FUT,MARKET_BUY,Open,1.4157,15,
2021-05-27 20:00:00+00:00,6B.FUT,MARKET_SELL,Close,1.4157,0.0,431.2499999999709
2021-06-04 12:00:00+00:00,6B.FUT,MARKET_BUY,Open,1.4179,9,
2021-06-04 20:00:00+00:00,6B.FUT,MARKET_SELL,Close,1.4179,0.0,-106.875
2021-06-07 12:00:00+00:00,6B.FUT,MARKET_BUY,Open,1.4175,15,
2021-06-07 20:00:00+00:00,6B.FUT,MARKET_SELL,Close,1.4175,0.0,65.625
2021-06-10 12:00:00+00:00,6B.FUT,MARKET_BUY,Open,1.4149,15,
2021-06-10 20:00:00+00:00,6B.FUT,MARKET_SELL,Close,1.4149,0.0,243.75
2021-06-23 12:00:00+00:00,6B.FUT,MARKET_BUY,Open,1.3984,13,
2021-06-23 20:00:00+00:00,6B.FUT,MARKET_SELL,Close,1.3984,0.0,-154.375
2021-07-09 12:00:00+00:00,6B.FUT,MARKET_BUY,Open,1.3842,9,
2021-07-09 20:00:00+00:00,6B.FUT,MARKET_SELL,Close,1.3842,0.0,326.25
2021-07-14 12:00:00+00:00,6B.FUT,MARKET_BUY,Open,1.3888,11,
2021-07-14 20:00:00+00:00,6B.FUT,MARKET_SELL,Close,1.3888,0.0,-165.0
2021-07-22 12:00:00+00:00,6B.FUT,MARKET_BUY,Open,1.377,7,
2021-07-22 20:00:00+00:00,6B.FUT,MARKET_SELL,Close,1.377,0.0,-30.624999999992724
2021-07-23 12:00:00+00:00,6B.FUT,MARKET_BUY,Open,1.3768,15,
2021-07-23 20:00:00+00:00,6B.FUT,MARKET_SELL,Close,1.3768,0.0,-159.375
2021-07-26 12:00:00+00:00,6B.FUT,MARKET_BUY,Open,1.378,15,
2021-07-26 20:00:00+00:00,6B.FUT,MARKET_SELL,Close,1.378,0.0,403.12500000001455
2021-07-27 12:00:00+00:00,6B.FUT,MARKET_BUY,Open,1.3826,15,
2021-07-27 20:00:00+00:00,6B.FUT,MARKET_SELL,Close,1.3826,0.0,543.75
2021-08-03 12:00:00+00:00,6B.FUT,MARKET_BUY,Open,1.3924,15,
2021-08-03 20:00:00+00:00,6B.FUT,MARKET_SELL,Close,1.3924,0.0,-75.0000000000291
2021-08-16 12:00:00+00:00,6B.FUT,MARKET_BUY,Open,1.3866,15,
2021-08-16 20:00:00+00:00,6B.FUT,MARKET_SELL,Close,1.3866,0.0,-215.62499999998545
2021-08-24 12:00:00+00:00,6B.FUT,MARKET_BUY,Open,1.3713,15,
2021-08-24 20:00:00+00:00,6B.FUT,MARKET_SELL,Close,1.3713,0.0,187.50000000001455
2021-08-27 12:00:00+00:00,6B.FUT,MARKET_BUY,Open,1.3725,15,
2021-08-27 20:00:00+00:00,6B.FUT,MARKET_SELL,Close,1.3725,0.0,262.49999999998545
2021-09-01 12:00:00+00:00,6B.FUT,MARKET_BUY,Open,1.3788,11,
2021-09-01 20:00:00+00:00,6B.FUT,MARKET_SELL,Close,1.3788,0.0,-116.875
2021-09-03 12:00:00+00:00,6B.FUT,MARKET_BUY,Open,1.3851,15,
2021-09-03 20:00:00+00:00,6B.FUT,MARKET_SELL,Close,1.3851,0.0,75.00000000001455
2021-09-09 12:00:00+00:00,6B.FUT,MARKET_BUY,Open,1.3838,8,
2021-09-09 20:00:00+00:00,6B.FUT,MARKET_SELL,Close,1.3838,0.0,20.0
2021-09-14 12:00:00+00:00,6B.FUT,MARKET_BUY,Open,1.3906,11,
2021-09-14 20:00:00+00:00,6B.FUT,MARKET_SELL,Close,1.3906,0.0,-646.2500000000146
2021-09-23 12:00:00+00:00,6B.FUT,MARKET_BUY,Open,1.3726,5,
2021-09-23 20:00:00+00:00,6B.FUT,MARKET_SELL,Close,1.3726,0.0,-3.124999999992724
2021-09-27 12:00:00+00:00,6B.FUT,MARKET_BUY,Open,1.3708,15,
2021-09-27 20:00:00+00:00,6B.FUT,MARKET_SELL,Close,1.3708,0.0,-18.750000000014552
2021-10-04 12:00:00+00:00,6B.FUT,MARKET_BUY,Open,1.3607,9,
2021-10-04 20:00:00+00:00,6B.FUT,MARKET_SELL,Close,1.3607,0.0,-5.625
2021-10-05 12:00:00+00:00,6B.FUT,MARKET_BUY,Open,1.3623,15,
2021-10-05 20:00:00+00:00,6B.FUT,MARKET_SELL,Close,1.3623,0.0,0.0
2021-10-08 12:00:00+00:00,6B.FUT,MARKET_BUY,Open,1.3642,14,
2021-10-08 20:00:00+00:00,6B.FUT,MARKET_SELL,Close,1.3642,0.0,-148.75
2021-10-14 12:00:00+00:00,6B.FUT,MARKET_BUY,Open,1.3716,9,
2021-10-14 20:00:00+00:00,6B.FUT,MARKET_SELL,Close,1.3716,0.0,-247.5
2021-10-15 12:00:00+00:00,6B.FUT,MARKET_BUY,Open,1.3735,15,
2021-10-15 20:00:00+00:00,6B.FUT,MARKET_SELL,Close,1.3735,0.0,168.75
2021-10-19 12:00:00+00:00,6B.FUT,MARKET_BUY,Open,1.3812,8,
2021-10-19 20:00:00+00:00,6B.FUT,MARKET_SELL,Close,1.3812,0.0,-85.0
2021-10-26 12:00:00+00:00,6B.FUT,MARKET_BUY,Open,1.3807,15,
2021-10-26 20:00:00+00:00,6B.FUT,MARKET_SELL,Close,1.3807,0.0,-403.125
2021-11-16 12:00:00+00:00,6B.FUT,MARKET_BUY,Open,1.3446,15,
2021-11-16 20:00:00+00:00,6B.FUT,MARKET_SELL,Close,1.3446,0.0,-206.25
2021-11-17 12:00:00+00:00,6B.FUT,MARKET_BUY,Open,1.3455,15,
2021-11-17 20:00:00+00:00,6B.FUT,MARKET_SELL,Close,1.3455,0.0,356.25000000001455
2021-12-02 12:00:00+00:00,6B.FUT,MARKET_BUY,Open,1.333,15,
2021-12-02 20:00:00+00:00,6B.FUT,MARKET_SELL,Close,1.333,0.0,-281.24999999998545
2021-12-13 12:00:00+00:00,6B.FUT,MARKET_BUY,Open,1.3253,15,
2021-12-13 20:00:00+00:00,6B.FUT,MARKET_SELL,Close,1.3253,0.0,-365.62500000001455
2021-12-14 12:00:00+00:00,6B.FUT,MARKET_BUY,Open,1.3257,15,
2021-12-14 20:00:00+00:00,6B.FUT,MARKET_SELL,Close,1.3257,0.0,-281.25000000001455
2021-12-15 12:00:00+00:00,6B.FUT,MARKET_BUY,Open,1.3261,15,
2021-12-15 20:00:00+00:00,6B.FUT,MARKET_SELL,Close,1.3261,0.0,46.875
2021-12-16 12:00:00+00:00,6B.FUT,MARKET_BUY,Open,1.3353,5,
2021-12-16 20:00:00+00:00,6B.FUT,MARKET_SELL,Close,1.3353,0.0,-84.375
2021-12-22 12:00:00+00:00,6B.FUT,MARKET_BUY,Open,1.3304,11,
2021-12-22 20:00:00+00:00,6B.FUT,MARKET_SELL,Close,1.3304,0.0,391.875
2021-12-27 12:00:00+00:00,6B.FUT,MARKET_BUY,Open,1.3412,15,
2021-12-27 20:00:00+00:00,6B.FUT,MARKET_SELL,Close,1.3412,0.0,281.25000000001455
2021-12-28 12:00:00+00:00,6B.FUT,MARKET_BUY,Open,1.3447,15,
2021-12-28 20:00:00+00:00,6B.FUT,MARKET_SELL,Close,1.3447,0.0,-140.625
2021-12-30 12:00:00+00:00,6B.FUT,MARKET_BUY,Open,1.3512,13,
2021-12-30 20:00:00+00:00,6B.FUT,MARKET_SELL,Close,1.3512,0.0,-154.375
2022-01-05 12:00:00+00:00,6B.FUT,MARKET_BUY,Open,1.3536,15,
2022-01-05 20:00:00+00:00,6B.FUT,MARKET_SELL,Close,1.3536,0.0,84.37500000001455
2022-01-12 12:00:00+00:00,6B.FUT,MARKET_BUY,Open,1.3633,15,
2022-01-12 20:00:00+00:00,6B.FUT,MARKET_SELL,Close,1.3633,0.0,703.1250000000146
2022-02-01 12:00:00+00:00,6B.FUT,MARKET_BUY,Open,1.3476,15,
2022-02-01 20:00:00+00:00,6B.FUT,MARKET_SELL,Close,1.3476,0.0,403.12500000001455
2022-02-03 12:00:00+00:00,6B.FUT,MARKET_BUY,Open,1.3574,15,
2022-02-03 20:00:00+00:00,6B.FUT,MARKET_SELL,Close,1.3574,0.0,140.62500000001455
2022-02-09 12:00:00+00:00,6B.FUT,MARKET_BUY,Open,1.3573,15,
2022-02-09 20:00:00+00:00,6B.FUT,MARKET_SELL,Close,1.3573,0.0,-365.62500000001455
2022-02-10 12:00:00+00:00,6B.FUT,MARKET_BUY,Open,1.3574,10,
2022-02-10 20:00:00+00:00,6B.FUT,MARKET_SELL,Close,1.3574,0.0,-131.25
2022-02-11 12:00:00+00:00,6B.FUT,MARKET_BUY,Open,1.3579,15,
2022-02-11 20:00:00+00:00,6B.FUT,MARKET_SELL,Close,1.3579,0.0,-290.625
2022-02-17 12:00:00+00:00,6B.FUT,MARKET_BUY,Open,1.3623,13,
2022-02-17 20:00:00+00:00,6B.FUT,MARKET_SELL,Close,1.3623,0.0,-56.87500000001455
2022-03-16 12:00:00+00:00,6B.FUT,MARKET_BUY,Open,1.3086,15,
2022-03-16 20:00:00+00:00,6B.FUT,MARKET_SELL,Close,1.3086,0.0,487.49999999998545
2022-03-22 12:00:00+00:00,6B.FUT,MARKET_BUY,Open,1.3229,8,
2022-03-22 20:00:00+00:00,6B.FUT,MARKET_SELL,Close,1.3229,0.0,115.0
2022-03-30 12:00:00+00:00,6B.FUT,MARKET_BUY,Open,1.3155,15,
2022-03-30 20:00:00+00:00,6B.FUT,MARKET_SELL,Close,1.3155,0.0,-215.62499999998545
2022-04-14 12:00:00+00:00,6B.FUT,MARKET_BUY,Open,1.3095,15,
2022-04-14 20:00:00+00:00,6B.FUT,MARKET_SELL,Close,1.3095,0.0,-318.75000000001455
2022-04-20 12:00:00+00:00,6B.FUT,MARKET_BUY,Open,1.3053,15,
2022-04-20 20:00:00+00:00,6B.FUT,MARKET_SELL,Close,1.3053,0.0,75.0
2022-05-03 12:00:00+00:00,6B.FUT,MARKET_BUY,Open,1.2558,15,
2022-05-03 20:00:00+00:00,6B.FUT,MARKET_SELL,Close,1.2558,0.0,-562.5
2022-05-04 12:00:00+00:00,6B.FUT,MARKET_BUY,Open,1.253,15,
2022-05-04 20:00:00+00:00,6B.FUT,MARKET_SELL,Close,1.253,0.0,946.875
2022-05-17 12:00:00+00:00,6B.FUT,MARKET_BUY,Open,1.2489,5,
2022-05-17 20:00:00+00:00,6B.FUT,MARKET_SELL,Close,1.2489,0.0,12.5
2022-05-19 12:00:00+00:00,6B.FUT,MARKET_BUY,Open,1.2428,15,
2022-05-19 20:00:00+00:00,6B.FUT,MARKET_SELL,Close,1.2428,0.0,440.62500000001455
2022-06-08 12:00:00+00:00,6B.FUT,MARKET_BUY,Open,1.2537,15,
2022-06-08 20:00:00+00:00,6B.FUT,MARKET_SELL,Close,1.2537,0.0,9.375
2022-06-17 12:00:00+00:00,6B.FUT,MARKET_BUY,Open,1.2286,15,
2022-06-17 20:00:00+00:00,6B.FUT,MARKET_SELL,Close,1.2286,0.0,-421.87499999998545
2022-06-20 12:00:00+00:00,6B.FUT,MARKET_BUY,Open,1.2281,15,
2022-06-20 20:00:00+00:00,6B.FUT,MARKET_SELL,Close,1.2281,0.0,-121.875
2022-07-18 12:00:00+00:00,6B.FUT,MARKET_BUY,Open,1.1995,6,
2022-07-18 20:00:00+00:00,6B.FUT,MARKET_SELL,Close,1.1995,0.0,-97.5
2022-07-19 12:00:00+00:00,6B.FUT,MARKET_BUY,Open,1.2027,15,
2022-07-19 20:00:00+00:00,6B.FUT,MARKET_SELL,Close,1.2027,0.0,-121.87500000001455
2022-07-25 12:00:00+00:00,6B.FUT,MARKET_BUY,Open,1.2086,12,
2022-07-25 20:00:00+00:00,6B.FUT,MARKET_SELL,Close,1.2086,0.0,-195.0
2022-08-01 12:00:00+00:00,6B.FUT,MARKET_BUY,Open,1.226,15,
2022-08-01 20:00:00+00:00,6B.FUT,MARKET_SELL,Close,1.226,0.0,46.87499999998545
2022-08-10 12:00:00+00:00,6B.FUT,MARKET_BUY,Open,1.2229,5,
2022-08-10 20:00:00+00:00,6B.FUT,MARKET_SELL,Close,1.2229,0.0,-12.5
2022-08-26 12:00:00+00:00,6B.FUT,MARKET_BUY,Open,1.1857,15,
2022-08-26 20:00:00+00:00,6B.FUT,MARKET_SELL,Close,1.1857,0.0,-1171.875
2022-09-12 12:00:00+00:00,6B.FUT,MARKET_BUY,Open,1.1694,8,
2022-09-12 20:00:00+00:00,6B.FUT,MARKET_SELL,Close,1.1694,0.0,-55.000000000007276
2022-09-29 12:00:00+00:00,6B.FUT,MARKET_BUY,Open,1.0882,15,
2022-09-29 20:00:00+00:00,6B.FUT,MARKET_SELL,Close,1.0882,0.0,2278.125
2022-10-03 12:00:00+00:00,6B.FUT,MARKET_BUY,Open,1.123,15,
2022-10-03 20:00:00+00:00,6B.FUT,MARKET_SELL,Close,1.123,0.0,956.25
2022-10-13 12:00:00+00:00,6B.FUT,MARKET_BUY,Open,1.1231,13,
2022-10-13 20:00:00+00:00,6B.FUT,MARKET_SELL,Close,1.1231,0.0,934.375
2022-10-17 12:00:00+00:00,6B.FUT,MARKET_BUY,Open,1.1353,15,
2022-10-17 20:00:00+00:00,6B.FUT,MARKET_SELL,Close,1.1353,0.0,243.75000000001455
2022-10-24 12:00:00+00:00,6B.FUT,MARKET_BUY,Open,1.1341,15,
2022-10-24 20:00:00+00:00,6B.FUT,MARKET_SELL,Close,1.1341,0.0,-440.62500000001455
2022-10-25 12:00:00+00:00,6B.FUT,MARKET_BUY,Open,1.138,15,
2022-10-25 20:00:00+00:00,6B.FUT,MARKET_SELL,Close,1.138,0.0,1031.25
2022-11-01 12:00:00+00:00,6B.FUT,MARKET_BUY,Open,1.1566,15,
2022-11-01 20:00:00+00:00,6B.FUT,MARKET_SELL,Close,1.1566,0.0,-609.375
2022-11-07 12:00:00+00:00,6B.FUT,MARKET_BUY,Open,1.1467,9,
2022-11-07 20:00:00+00:00,6B.FUT,MARKET_SELL,Close,1.1467,0.0,320.6250000000073
2022-11-11 12:00:00+00:00,6B.FUT,MARKET_BUY,Open,1.1794,11,
2022-11-11 20:00:00+00:00,6B.FUT,MARKET_SELL,Close,1.1794,0.0,433.125
2022-11-14 12:00:00+00:00,6B.FUT,MARKET_BUY,Open,1.1821,15,
2022-11-14 20:00:00+00:00,6B.FUT,MARKET_SELL,Close,1.1821,0.0,-515.625
2022-11-15 12:00:00+00:00,6B.FUT,MARKET_BUY,Open,1.192,6,
2022-11-15 20:00:00+00:00,6B.FUT,MARKET_SELL,Close,1.192,0.0,-179.99999999998545
2022-11-16 12:00:00+00:00,6B.FUT,MARKET_BUY,Open,1.1924,15,
2022-11-16 20:00:00+00:00,6B.FUT,MARKET_SELL,Close,1.1924,0.0,46.875
2022-11-22 12:00:00+00:00,6B.FUT,MARKET_BUY,Open,1.1892,15,
2022-11-22 20:00:00+00:00,6B.FUT,MARKET_SELL,Close,1.1892,0.0,46.87500000001455
2022-11-23 12:00:00+00:00,6B.FUT,MARKET_BUY,Open,1.1949,8,
2022-11-23 20:00:00+00:00,6B.FUT,MARKET_SELL,Close,1.1949,0.0,624.9999999999927
2022-11-24 12:00:00+00:00,6B.FUT,MARKET_BUY,Open,1.2124,13,
2022-11-24 20:00:00+00:00,6B.FUT,MARKET_SELL,Close,1.2124,0.0,16.25
2022-12-01 12:00:00+00:00,6B.FUT,MARKET_BUY,Open,1.219,10,
2022-12-01 20:00:00+00:00,6B.FUT,MARKET_SELL,Close,1.219,0.0,362.49999999998545
2022-12-02 12:00:00+00:00,6B.FUT,MARKET_BUY,Open,1.2297,14,
2022-12-02 20:00:00+00:00,6B.FUT,MARKET_SELL,Close,1.2297,0.0,-78.75000000001455
2022-12-07 12:00:00+00:00,6B.FUT,MARKET_BUY,Open,1.2199,15,
2022-12-07 20:00:00+00:00,6B.FUT,MARKET_SELL,Close,1.2199,0.0,168.75000000001455
2022-12-09 12:00:00+00:00,6B.FUT,MARKET_BUY,Open,1.2284,15,
2022-12-09 20:00:00+00:00,6B.FUT,MARKET_SELL,Close,1.2284,0.0,-224.99999999998545
2022-12-12 12:00:00+00:00,6B.FUT,MARKET_BUY,Open,1.2284,15,
2022-12-12 20:00:00+00:00,6B.FUT,MARKET_SELL,Close,1.2284,0.0,-103.1249999999709
2022-12-13 12:00:00+00:00,6B.FUT,MARKET_BUY,Open,1.2304,15,
2022-12-13 20:00:00+00:00,6B.FUT,MARKET_SELL,Close,1.2304,0.0,543.75
2022-12-28 12:00:00+00:00,6B.FUT,MARKET_BUY,Open,1.2112,15,
2022-12-28 20:00:00+00:00,6B.FUT,MARKET_SELL,Close,1.2112,0.0,-684.3750000000146
2023-01-04 12:00:00+00:00,6B.FUT,MARKET_BUY,Open,1.2069,15,
2023-01-04 20:00:00+00:00,6B.FUT,MARKET_SELL,Close,1.2069,0.0,93.75
2023-01-17 12:00:00+00:00,6B.FUT,MARKET_BUY,Open,1.2273,15,
2023-01-17 20:00:00+00:00,6B.FUT,MARKET_SELL,Close,1.2273,0.0,206.24999999998545
2023-01-18 12:00:00+00:00,6B.FUT,MARKET_BUY,Open,1.2385,6,
2023-01-18 20:00:00+00:00,6B.FUT,MARKET_SELL,Close,1.2385,0.0,-123.74999999998545
2023-02-09 12:00:00+00:00,6B.FUT,MARKET_BUY,Open,1.2169,5,
2023-02-09 20:00:00+00:00,6B.FUT,MARKET_SELL,Close,1.2169,0.0,-140.62500000000728
2023-02-13 12:00:00+00:00,6B.FUT,MARKET_BUY,Open,1.2113,15,
2023-02-13 20:00:00+00:00,6B.FUT,MARKET_SELL,Close,1.2113,0.0,290.62499999998545
2023-02-14 12:00:00+00:00,6B.FUT,MARKET_BUY,Open,1.2217,5,
2023-02-14 20:00:00+00:00,6B.FUT,MARKET_SELL,Close,1.2217,0.0,-106.25
2023-02-21 12:00:00+00:00,6B.FUT,MARKET_BUY,Open,1.2114,8,
2023-02-21 20:00:00+00:00,6B.FUT,MARKET_SELL,Close,1.2114,0.0,-19.999999999992724
2023-02-28 12:00:00+00:00,6B.FUT,MARKET_BUY,Open,1.2105,10,
2023-02-28 20:00:00+00:00,6B.FUT,MARKET_SELL,Close,1.2105,0.0,-468.74999999998545
2023-03-10 12:00:00+00:00,6B.FUT,MARKET_BUY,Open,1.2025,8,
2023-03-10 20:00:00+00:00,6B.FUT,MARKET_SELL,Close,1.2025,0.0,140.00000000000728
2023-03-14 12:00:00+00:00,6B.FUT,MARKET_BUY,Open,1.2221,14,
2023-03-14 20:00:00+00:00,6B.FUT,MARKET_SELL,Close,1.2221,0.0,-341.25
2023-03-20 12:00:00+00:00,6B.FUT,MARKET_BUY,Open,1.2257,14,
2023-03-20 20:00:00+00:00,6B.FUT,MARKET_SELL,Close,1.2257,0.0,428.75
2023-03-22 12:00:00+00:00,6B.FUT,MARKET_BUY,Open,1.2292,15,
2023-03-22 20:00:00+00:00,6B.FUT,MARKET_SELL,Close,1.2292,0.0,28.124999999985448
2023-03-30 12:00:00+00:00,6B.FUT,MARKET_BUY,Open,1.2399,9,
2023-03-30 20:00:00+00:00,6B.FUT,MARKET_SELL,Close,1.2399,0.0,73.125
2023-04-03 12:00:00+00:00,6B.FUT,MARKET_BUY,Open,1.2407,13,
2023-04-03 20:00:00+00:00,6B.FUT,MARKET_SELL,Close,1.2407,0.0,260.00000000001455
2023-04-12 12:00:00+00:00,6B.FUT,MARKET_BUY,Open,1.2466,15,
2023-04-12 20:00:00+00:00,6B.FUT,MARKET_SELL,Close,1.2466,0.0,375.00000000001455
2023-04-13 12:00:00+00:00,6B.FUT,MARKET_BUY,Open,1.255,7,
2023-04-13 20:00:00+00:00,6B.FUT,MARKET_SELL,Close,1.255,0.0,-13.125
2023-04-20 12:00:00+00:00,6B.FUT,MARKET_BUY,Open,1.2469,15,
2023-04-20 20:00:00+00:00,6B.FUT,MARKET_SELL,Close,1.2469,0.0,-149.99999999998545
2023-04-24 12:00:00+00:00,6B.FUT,MARKET_BUY,Open,1.2468,15,
2023-04-24 20:00:00+00:00,6B.FUT,MARKET_SELL,Close,1.2468,0.0,309.37500000001455
2023-04-26 12:00:00+00:00,6B.FUT,MARKET_BUY,Open,1.2487,15,
2023-04-26 20:00:00+00:00,6B.FUT,MARKET_SELL,Close,1.2487,0.0,-28.125
2023-05-01 12:00:00+00:00,6B.FUT,MARKET_BUY,Open,1.2569,15,
2023-05-01 20:00:00+00:00,6B.FUT,MARKET_SELL,Close,1.2569,0.0,-590.6249999999854
2023-05-10 12:00:00+00:00,6B.FUT,MARKET_BUY,Open,1.2685,10,
2023-05-10 20:00:00+00:00,6B.FUT,MARKET_SELL,Close,1.2685,0.0,-293.74999999998545
2023-05-30 12:00:00+00:00,6B.FUT,MARKET_BUY,Open,1.243,13,
2023-05-30 20:00:00+00:00,6B.FUT,MARKET_SELL,Close,1.243,0.0,-97.50000000001455
2023-06-01 12:00:00+00:00,6B.FUT,MARKET_BUY,Open,1.2489,11,
2023-06-01 20:00:00+00:00,6B.FUT,MARKET_SELL,Close,1.2489,0.0,281.875
2023-06-07 12:00:00+00:00,6B.FUT,MARKET_BUY,Open,1.2468,15,
2023-06-07 20:00:00+00:00,6B.FUT,MARKET_SELL,Close,1.2468,0.0,-206.24999999998545
2023-06-08 12:00:00+00:00,6B.FUT,MARKET_BUY,Open,1.2486,15,
2023-06-08 20:00:00+00:00,6B.FUT,MARKET_SELL,Close,1.2486,0.0,712.5
2023-06-13 12:00:00+00:00,6B.FUT,MARKET_BUY,Open,1.2596,5,
2023-06-13 20:00:00+00:00,6B.FUT,MARKET_SELL,Close,1.2596,0.0,50.000000000007276
2023-06-14 12:00:00+00:00,6B.FUT,MARKET_BUY,Open,1.2676,5,
2023-06-14 20:00:00+00:00,6B.FUT,MARKET_SELL,Close,1.2676,0.0,18.75
2023-06-15 12:00:00+00:00,6B.FUT,MARKET_BUY,Open,1.2682,15,
2023-06-15 20:00:00+00:00,6B.FUT,MARKET_SELL,Close,1.2682,0.0,1087.5
2023-07-03 12:00:00+00:00,6B.FUT,MARKET_BUY,Open,1.2697,15,
2023-07-03 20:00:00+00:00,6B.FUT,MARKET_SELL,Close,1.2697,0.0,-28.125
2023-07-04 12:00:00+00:00,6B.FUT,MARKET_BUY,Open,1.2739,6,
2023-07-04 20:00:00+00:00,6B.FUT,MARKET_SELL,Close,1.2739,0.0,-78.74999999999272
2023-07-06 12:00:00+00:00,6B.FUT,MARKET_BUY,Open,1.2749,15,
2023-07-06 20:00:00+00:00,6B.FUT,MARKET_SELL,Close,1.2749,0.0,-84.375
2023-07-07 12:00:00+00:00,6B.FUT,MARKET_BUY,Open,1.2784,10,
2023-07-07 20:00:00+00:00,6B.FUT,MARKET_SELL,Close,1.2784,0.0,350.0
2023-07-13 12:00:00+00:00,6B.FUT,MARKET_BUY,Open,1.3087,5,
2023-07-13 20:00:00+00:00,6B.FUT,MARKET_SELL,Close,1.3087,0.0,153.125
2023-07-26 12:00:00+00:00,6B.FUT,MARKET_BUY,Open,1.2912,15,
2023-07-26 20:00:00+00:00,6B.FUT,MARKET_SELL,Close,1.2912,0.0,328.12500000001455
2023-07-28 12:00:00+00:00,6B.FUT,MARKET_BUY,Open,1.2872,15,
2023-07-28 20:00:00+00:00,6B.FUT,MARKET_SELL,Close,1.2872,0.0,-168.74999999998545
2023-08-07 12:00:00+00:00,6B.FUT,MARKET_BUY,Open,1.2776,15,
2023-08-07 20:00:00+00:00,6B.FUT,MARKET_SELL,Close,1.2776,0.0,65.6249999999709
2023-08-10 12:00:00+00:00,6B.FUT,MARKET_BUY,Open,1.2784,8,
2023-08-10 20:00:00+00:00,6B.FUT,MARKET_SELL,Close,1.2784,0.0,-525.0
2023-08-17 12:00:00+00:00,6B.FUT,MARKET_BUY,Open,1.2773,15,
2023-08-17 20:00:00+00:00,6B.FUT,MARKET_SELL,Close,1.2773,0.0,-225.00000000001455
2023-08-21 12:00:00+00:00,6B.FUT,MARKET_BUY,Open,1.2755,15,
2023-08-21 20:00:00+00:00,6B.FUT,MARKET_SELL,Close,1.2755,0.0,37.5
2023-08-30 12:00:00+00:00,6B.FUT,MARKET_BUY,Open,1.2715,5,
2023-08-30 20:00:00+00:00,6B.FUT,MARKET_SELL,Close,1.2715,0.0,15.625
2023-09-01 12:00:00+00:00,6B.FUT,MARKET_BUY,Open,1.2694,15,
2023-09-01 20:00:00+00:00,6B.FUT,MARKET_SELL,Close,1.2694,0.0,-975.0000000000146
2023-09-29 12:00:00+00:00,6B.FUT,MARKET_BUY,Open,1.2264,12,
2023-09-29 20:00:00+00:00,6B.FUT,MARKET_SELL,Close,1.2264,0.0,-487.5
2023-10-04 12:00:00+00:00,6B.FUT,MARKET_BUY,Open,1.2174,9,
2023-10-04 20:00:00+00:00,6B.FUT,MARKET_SELL,Close,1.2174,0.0,-174.375
2023-10-11 12:00:00+00:00,6B.FUT,MARKET_BUY,Open,1.2317,11,
2023-10-11 20:00:00+00:00,6B.FUT,MARKET_SELL,Close,1.2317,0.0,-6.875
2023-10-31 12:00:00+00:00,6B.FUT,MARKET_BUY,Open,1.2162,15,
2023-10-31 20:00:00+00:00,6B.FUT,MARKET_SELL,Close,1.2162,0.0,-65.6249999999709
2023-11-02 12:00:00+00:00,6B.FUT,MARKET_BUY,Open,1.2218,12,
2023-11-02 20:00:00+00:00,6B.FUT,MARKET_SELL,Close,1.2218,0.0,-97.5
2023-11-17 12:00:00+00:00,6B.FUT,MARKET_BUY,Open,1.2432,15,
2023-11-17 20:00:00+00:00,6B.FUT,MARKET_SELL,Close,1.2432,0.0,281.24999999998545
2023-11-23 12:00:00+00:00,6B.FUT,MARKET_BUY,Open,1.2544,15,
2023-11-23 20:00:00+00:00,6B.FUT,MARKET_SELL,Close,1.2544,0.0,-74.99999999998545
2023-11-24 12:00:00+00:00,6B.FUT,MARKET_BUY,Open,1.2576,14,
2023-11-27 20:00:00+00:00,6B.FUT,MARKET_SELL,Close,1.2576,0.0,481.25
2023-11-28 12:00:00+00:00,6B.FUT,MARKET_BUY,Open,1.2619,15,
2023-11-28 20:00:00+00:00,6B.FUT,MARKET_SELL,Close,1.2619,0.0,721.875
2023-12-14 12:00:00+00:00,6B.FUT,MARKET_BUY,Open,1.2717,5,
2023-12-14 20:00:00+00:00,6B.FUT,MARKET_SELL,Close,1.2717,0.0,171.87499999999272
2023-12-22 12:00:00+00:00,6B.FUT,MARKET_BUY,Open,1.2725,15,
2023-12-22 20:00:00+00:00,6B.FUT,MARKET_SELL,Close,1.2725,0.0,-150.0
2024-01-22 12:00:00+00:00,6B.FUT,MARKET_BUY,Open,1.273,15,
2024-01-22 20:00:00+00:00,6B.FUT,MARKET_SELL,Close,1.273,0.0,-159.37499999998545
2024-01-24 12:00:00+00:00,6B.FUT,MARKET_BUY,Open,1.2743,15,
2024-01-24 20:00:00+00:00,6B.FUT,MARKET_SELL,Close,1.2743,0.0,-215.62499999998545
2024-01-26 12:00:00+00:00,6B.FUT,MARKET_BUY,Open,1.2733,15,
2024-01-26 20:00:00+00:00,6B.FUT,MARKET_SELL,Close,1.2733,0.0,-262.50000000001455
2024-02-12 12:00:00+00:00,6B.FUT,MARKET_BUY,Open,1.2618,15,
2024-02-12 20:00:00+00:00,6B.FUT,MARKET_SELL,Close,1.2618,0.0,131.25
2024-02-13 12:00:00+00:00,6B.FUT,MARKET_BUY,Open,1.2679,9,
2024-02-13 20:00:00+00:00,6B.FUT,MARKET_SELL,Close,1.2679,0.0,-489.375
2024-02-23 12:00:00+00:00,6B.FUT,MARKET_BUY,Open,1.2701,11,
2024-02-23 20:00:00+00:00,6B.FUT,MARKET_SELL,Close,1.2701,0.0,-206.25000000001455
2024-02-26 12:00:00+00:00,6B.FUT,MARKET_BUY,Open,1.2686,15,
2024-02-26 20:00:00+00:00,6B.FUT,MARKET_SELL,Close,1.2686,0.0,9.375
2024-03-07 12:00:00+00:00,6B.FUT,MARKET_BUY,Open,1.2752,15,
2024-03-07 20:00:00+00:00,6B.FUT,MARKET_SELL,Close,1.2752,0.0,543.75
2024-03-08 12:00:00+00:00,6B.FUT,MARKET_BUY,Open,1.284,6,
2024-03-08 20:00:00+00:00,6B.FUT,MARKET_SELL,Close,1.284,0.0,44.999999999992724
2024-03-28 12:00:00+00:00,6B.FUT,MARKET_BUY,Open,1.2645,15,
2024-03-28 20:00:00+00:00,6B.FUT,MARKET_SELL,Close,1.2645,0.0,-84.375
2024-04-09 12:00:00+00:00,6B.FUT,MARKET_BUY,Open,1.2702,5,
2024-04-09 20:00:00+00:00,6B.FUT,MARKET_SELL,Close,1.2702,0.0,-56.25
2024-04-24 12:00:00+00:00,6B.FUT,MARKET_BUY,Open,1.2444,15,
2024-04-24 20:00:00+00:00,6B.FUT,MARKET_SELL,Close,1.2444,0.0,234.37499999998545
2024-05-03 12:00:00+00:00,6B.FUT,MARKET_BUY,Open,1.2609,5,
2024-05-03 20:00:00+00:00,6B.FUT,MARKET_SELL,Close,1.2609,0.0,-171.87499999999272
2024-05-06 12:00:00+00:00,6B.FUT,MARKET_BUY,Open,1.2595,12,
2024-05-06 20:00:00+00:00,6B.FUT,MARKET_SELL,Close,1.2595,0.0,-195.0
2024-05-13 12:00:00+00:00,6B.FUT,MARKET_BUY,Open,1.2559,10,
2024-05-13 20:00:00+00:00,6B.FUT,MARKET_SELL,Close,1.2559,0.0,12.5
2024-05-15 12:00:00+00:00,6B.FUT,MARKET_BUY,Open,1.2647,7,
2024-05-15 20:00:00+00:00,6B.FUT,MARKET_SELL,Close,1.2647,0.0,175.0
2024-05-24 12:00:00+00:00,6B.FUT,MARKET_BUY,Open,1.2723,15,
2024-05-24 20:00:00+00:00,6B.FUT,MARKET_SELL,Close,1.2723,0.0,187.50000000001455
2024-05-27 12:00:00+00:00,6B.FUT,MARKET_BUY,Open,1.2759,13,
2024-05-27 20:00:00+00:00,6B.FUT,MARKET_SELL,Close,1.2759,0.0,89.375
2024-05-28 12:00:00+00:00,6B.FUT,MARKET_BUY,Open,1.2794,10,
2024-05-28 20:00:00+00:00,6B.FUT,MARKET_SELL,Close,1.2794,0.0,-181.25
2024-05-31 12:00:00+00:00,6B.FUT,MARKET_BUY,Open,1.2748,15,
2024-05-31 20:00:00+00:00,6B.FUT,MARKET_SELL,Close,1.2748,0.0,-56.25
2024-06-05 12:00:00+00:00,6B.FUT,MARKET_BUY,Open,1.2794,15,
2024-06-05 20:00:00+00:00,6B.FUT,MARKET_SELL,Close,1.2794,0.0,-46.875000000029104
2024-06-12 12:00:00+00:00,6B.FUT,MARKET_BUY,Open,1.2854,5,
2024-06-12 20:00:00+00:00,6B.FUT,MARKET_SELL,Close,1.2854,0.0,-159.375
2024-07-01 12:00:00+00:00,6B.FUT,MARKET_BUY,Open,1.2673,15,
2024-07-01 20:00:00+00:00,6B.FUT,MARKET_SELL,Close,1.2673,0.0,-140.625
2024-07-02 12:00:00+00:00,6B.FUT,MARKET_BUY,Open,1.2672,15,
2024-07-02 20:00:00+00:00,6B.FUT,MARKET_SELL,Close,1.2672,0.0,206.24999999998545
2024-07-03 12:00:00+00:00,6B.FUT,MARKET_BUY,Open,1.2727,5,
2024-07-03 20:00:00+00:00,6B.FUT,MARKET_SELL,Close,1.2727,0.0,81.25
2024-07-08 12:00:00+00:00,6B.FUT,MARKET_BUY,Open,1.2846,8,
2024-07-08 20:00:00+00:00,6B.FUT,MARKET_SELL,Close,1.2846,0.0,-159.99999999999272
2024-07-10 12:00:00+00:00,6B.FUT,MARKET_BUY,Open,1.2816,15,
2024-07-10 20:00:00+00:00,6B.FUT,MARKET_SELL,Close,1.2816,0.0,375.00000000001455
2024-07-12 12:00:00+00:00,6B.FUT,MARKET_BUY,Open,1.2972,5,
2024-07-12 20:00:00+00:00,6B.FUT,MARKET_SELL,Close,1.2972,0.0,56.249999999992724
2024-07-17 12:00:00+00:00,6B.FUT,MARKET_BUY,Open,1.3037,8,
2024-07-17 20:00:00+00:00,6B.FUT,MARKET_SELL,Close,1.3037,0.0,-110.0
2024-08-12 12:00:00+00:00,6B.FUT,MARKET_BUY,Open,1.277,15,
2024-08-12 20:00:00+00:00,6B.FUT,MARKET_SELL,Close,1.277,0.0,-28.124999999985448
2024-08-16 12:00:00+00:00,6B.FUT,MARKET_BUY,Open,1.2902,15,
2024-08-16 20:00:00+00:00,6B.FUT,MARKET_SELL,Close,1.2902,0.0,431.24999999998545
2024-08-21 12:00:00+00:00,6B.FUT,MARKET_BUY,Open,1.305,15,
2024-08-21 20:00:00+00:00,6B.FUT,MARKET_SELL,Close,1.305,0.0,412.49999999998545
2024-08-22 12:00:00+00:00,6B.FUT,MARKET_BUY,Open,1.3123,11,
2024-08-22 20:00:00+00:00,6B.FUT,MARKET_SELL,Close,1.3123,0.0,-199.375
2024-09-05 12:00:00+00:00,6B.FUT,MARKET_BUY,Open,1.3163,15,
2024-09-05 20:00:00+00:00,6B.FUT,MARKET_SELL,Close,1.3163,0.0,159.37499999998545
2024-09-06 12:00:00+00:00,6B.FUT,MARKET_BUY,Open,1.3211,13,
2024-09-06 20:00:00+00:00,6B.FUT,MARKET_SELL,Close,1.3211,0.0,-674.375
2024-09-16 12:00:00+00:00,6B.FUT,MARKET_BUY,Open,1.3201,5,
2024-09-16 20:00:00+00:00,6B.FUT,MARKET_SELL,Close,1.3201,0.0,59.375
2024-09-18 12:00:00+00:00,6B.FUT,MARKET_BUY,Open,1.3221,15,
2024-09-18 20:00:00+00:00,6B.FUT,MARKET_SELL,Close,1.3221,0.0,-46.875
2024-09-23 12:00:00+00:00,6B.FUT,MARKET_BUY,Open,1.3325,15,
2024-09-23 20:00:00+00:00,6B.FUT,MARKET_SELL,Close,1.3325,0.0,159.37500000001455
2024-09-24 12:00:00+00:00,6B.FUT,MARKET_BUY,Open,1.3384,10,
2024-09-24 20:00:00+00:00,6B.FUT,MARKET_SELL,Close,1.3384,0.0,156.25
2024-09-26 12:00:00+00:00,6B.FUT,MARKET_BUY,Open,1.337,15,
2024-09-26 20:00:00+00:00,6B.FUT,MARKET_SELL,Close,1.337,0.0,365.62499999998545
2024-09-27 12:00:00+00:00,6B.FUT,MARKET_BUY,Open,1.3422,15,
2024-09-27 20:00:00+00:00,6B.FUT,MARKET_SELL,Close,1.3422,0.0,-487.50000000001455
2024-10-15 12:00:00+00:00,6B.FUT,MARKET_BUY,Open,1.3087,15,
2024-10-15 20:00:00+00:00,6B.FUT,MARKET_SELL,Close,1.3087,0.0,-149.99999999998545
2024-10-25 12:00:00+00:00,6B.FUT,MARKET_BUY,Open,1.2992,11,
2024-10-25 20:00:00+00:00,6B.FUT,MARKET_SELL,Close,1.2992,0.0,-213.12499999998545
2024-10-28 12:00:00+00:00,6B.FUT,MARKET_BUY,Open,1.2987,15,
2024-10-28 20:00:00+00:00,6B.FUT,MARKET_SELL,Close,1.2987,0.0,-159.37500000001455
2024-11-04 12:00:00+00:00,6B.FUT,MARKET_BUY,Open,1.2968,15,
2024-11-04 20:00:00+00:00,6B.FUT,MARKET_SELL,Close,1.2968,0.0,-140.625
2024-11-05 12:00:00+00:00,6B.FUT,MARKET_BUY,Open,1.2986,15,
2024-11-05 20:00:00+00:00,6B.FUT,MARKET_SELL,Close,1.2986,0.0,384.37499999998545
2024-11-07 12:00:00+00:00,6B.FUT,MARKET_BUY,Open,1.2956,15,
2024-11-07 20:00:00+00:00,6B.FUT,MARKET_SELL,Close,1.2956,0.0,253.125
2024-11-26 12:00:00+00:00,6B.FUT,MARKET_BUY,Open,1.2606,15,
2024-11-26 20:00:00+00:00,6B.FUT,MARKET_SELL,Close,1.2606,0.0,-450.0
2024-11-27 12:00:00+00:00,6B.FUT,MARKET_BUY,Open,1.2628,7,
2024-11-27 20:00:00+00:00,6B.FUT,MARKET_SELL,Close,1.2628,0.0,218.75000000001455
2024-11-28 12:00:00+00:00,6B.FUT,MARKET_BUY,Open,1.2665,15,
2024-11-28 20:00:00+00:00,6B.FUT,MARKET_SELL,Close,1.2665,0.0,206.25000000001455
2024-12-06 12:00:00+00:00,6B.FUT,MARKET_BUY,Open,1.2769,15,
2024-12-06 20:00:00+00:00,6B.FUT,MARKET_SELL,Close,1.2769,0.0,-271.87499999998545
2024-12-18 12:00:00+00:00,6B.FUT,MARKET_BUY,Open,1.27,15,
2024-12-18 20:00:00+00:00,6B.FUT,MARKET_SELL,Close,1.27,0.0,-1228.1250000000146
2024-12-27 12:00:00+00:00,6B.FUT,MARKET_BUY,Open,1.2547,15,
2024-12-27 20:00:00+00:00,6B.FUT,MARKET_SELL,Close,1.2547,0.0,253.125
2025-01-06 12:00:00+00:00,6B.FUT,MARKET_BUY,Open,1.253,5,
2025-01-06 20:00:00+00:00,6B.FUT,MARKET_SELL,Close,1.253,0.0,-53.124999999992724
2025-01-22 12:00:00+00:00,6B.FUT,MARKET_BUY,Open,1.2353,15,
2025-01-22 20:00:00+00:00,6B.FUT,MARKET_SELL,Close,1.2353,0.0,-365.62500000001455
2025-01-27 12:00:00+00:00,6B.FUT,MARKET_BUY,Open,1.251,10,
2025-01-27 20:00:00+00:00,6B.FUT,MARKET_SELL,Close,1.251,0.0,-137.49999999998545
2025-02-05 12:00:00+00:00,6B.FUT,MARKET_BUY,Open,1.2536,7,
2025-02-05 20:00:00+00:00,6B.FUT,MARKET_SELL,Close,1.2536,0.0,-153.125
2025-02-14 12:00:00+00:00,6B.FUT,MARKET_BUY,Open,1.2585,11,
2025-02-14 20:00:00+00:00,6B.FUT,MARKET_SELL,Close,1.2585,0.0,6.875000000014552
2025-02-25 12:00:00+00:00,6B.FUT,MARKET_BUY,Open,1.2657,15,
2025-02-25 20:00:00+00:00,6B.FUT,MARKET_SELL,Close,1.2657,0.0,121.87499999998545
2025-03-03 12:00:00+00:00,6B.FUT,MARKET_BUY,Open,1.2688,5,
2025-03-03 20:00:00+00:00,6B.FUT,MARKET_SELL,Close,1.2688,0.0,28.125000000007276
2025-03-04 12:00:00+00:00,6B.FUT,MARKET_BUY,Open,1.2746,5,
2025-03-04 20:00:00+00:00,6B.FUT,MARKET_SELL,Close,1.2746,0.0,118.75000000000728
2025-03-10 12:00:00+00:00,6B.FUT,MARKET_BUY,Open,1.2934,15,
2025-03-10 20:00:00+00:00,6B.FUT,MARKET_SELL,Close,1.2934,0.0,-562.5000000000146
2025-03-11 12:00:00+00:00,6B.FUT,MARKET_BUY,Open,1.2945,14,
2025-03-11 20:00:00+00:00,6B.FUT,MARKET_SELL,Close,1.2945,0.0,43.75
2025-03-17 12:00:00+00:00,6B.FUT,MARKET_BUY,Open,1.2971,9,
2025-03-17 20:00:00+00:00,6B.FUT,MARKET_SELL,Close,1.2971,0.0,123.75
2025-03-27 12:00:00+00:00,6B.FUT,MARKET_BUY,Open,1.2945,15,
2025-03-27 20:00:00+00:00,6B.FUT,MARKET_SELL,Close,1.2945,0.0,84.375
2025-04-02 12:00:00+00:00,6B.FUT,MARKET_BUY,Open,1.2943,15,
2025-04-02 20:00:00+00:00,6B.FUT,MARKET_SELL,Close,1.2943,0.0,609.375
2025-04-10 12:00:00+00:00,6B.FUT,MARKET_BUY,Open,1.2927,8,
2025-04-10 20:00:00+00:00,6B.FUT,MARKET_SELL,Close,1.2927,0.0,240.00000000000728
2025-04-11 12:00:00+00:00,6B.FUT,MARKET_BUY,Open,1.3124,9,
2025-04-11 20:00:00+00:00,6B.FUT,MARKET_SELL,Close,1.3124,0.0,-185.625
2025-04-15 12:00:00+00:00,6B.FUT,MARKET_BUY,Open,1.3225,15,
2025-04-15 20:00:00+00:00,6B.FUT,MARKET_SELL,Close,1.3225,0.0,65.62500000001455
2025-04-17 12:00:00+00:00,6B.FUT,MARKET_BUY,Open,1.3252,15,
2025-04-17 20:00:00+00:00,6B.FUT,MARKET_SELL,Close,1.3252,0.0,224.99999999998545
2025-04-25 12:00:00+00:00,6B.FUT,MARKET_BUY,Open,1.3325,15,
2025-04-25 20:00:00+00:00,6B.FUT,MARKET_SELL,Close,1.3325,0.0,-93.75
2025-04-28 12:00:00+00:00,6B.FUT,MARKET_BUY,Open,1.3345,15,
2025-04-28 20:00:00+00:00,6B.FUT,MARKET_SELL,Close,1.3345,0.0,918.7499999999854
